Codice_articolo,Codice_variante,Costo,Data_riferimento
017.GUI.MED.01,0,0.35,2022-03-09
017.PM001,2,1.0,2023-08-28
017.PM001,3,1.0,2023-08-28
017.PM001,4,1.0,2023-08-28
017.PM001,5,1.0,2023-08-28
017.PM001,6,1.0,2023-08-28
017.PM001,7,1.0,2023-08-28
017.PM001,8,1.0,2023-08-28
017.PM001,9,1.0,2023-08-28
017.PM001,10,1.0,2023-08-28
017.PM001,11,1.35,2022-03-09
017.PM001,12,1.0,2023-08-28
017.PM001,13,1.0,2023-08-28
017.PM001,14,1.0,2023-08-28
017.PM001,15,1.0,2023-08-28
017.PM001,16,1.0,2023-08-28
017.PM001,17,1.0,2023-08-28
017.PM001,18,1.0,2023-08-28
017.PM001,19,1.0,2023-08-28
017.PM001,20,1.0,2023-08-28
017.PM001,21,1.0,2023-08-28
017.PM001,22,1.0,2023-08-28
017.PM001,23,1.0,2023-08-28
017.PM001,25,1.35,2022-03-09
017.PM001,26,1.0,2023-08-28
017.PM001,27,1.0,2023-08-28
017.PM001,28,1.0,2023-08-28
017.PM001,29,1.0,2023-08-28
017.PM001,30,1.0,2023-08-28
017.PM001,31,1.0,2023-08-28
017.PM001,32,1.0,2023-08-28
017.PM001,33,1.0,2023-08-28
017.PM001,34,1.0,2023-08-28
017.PM001,35,1.0,2023-08-28
017.PM002.08,0,1.0,2023-08-28
017.PM002.10,0,1.0,2023-08-28
017.PM002.100,0,1.0,2023-09-13
017.PM002.15,0,1.0,2023-08-28
017.PM002.20,0,1.0,2023-08-28
017.PM002.30,0,1.0,2023-08-28
017.PM002.40,0,1.0,2023-09-13
017.PM002.50,0,1.0,2023-09-13
017.PM002.60,0,1.0,2023-09-13
017.PM002,1,1.0,2023-08-28
017.PM002,2,1.0,2023-08-28
017.PM002,4,1.0,2023-08-28
017.PM002,5,1.0,2023-08-28
017.PM002,6,1.0,2023-08-28
017.PM002,7,1.0,2023-08-28
017.PM002,8,1.35,2022-03-09
017.PM002,12,1.0,2023-08-28
017.PM002,14,1.0,2023-08-28
017.PM002,16,1.0,2023-08-28
017.PM002,17,1.0,2023-08-28
017.PM005,1,1.3,2023-08-28
017.PM005,2,1.3,2023-08-28
017.PM005,3,1.3,2023-08-28
017.PM005,4,1.3,2023-08-28
017.PM005,5,1.3,2023-08-28
017.PM005,9,1.3,2023-08-28
017.PM005,10,1.3,2023-08-28
017.PM005,13,1.3,2023-08-28
017.PM005,16,1.3,2023-08-28
017.PM005,19,1.3,2023-08-28
017.PM005,20,1.3,2023-08-28
017.PM005,21,1.3,2023-08-28
017.PM005,22,1.3,2023-08-28
017.PM005,27,1.3,2023-08-28
017.PM005,34,1.3,2023-08-28
017.PM005,35,1.3,2023-08-28
017.PM005,36,1.3,2023-08-28
017.PM005,37,1.3,2023-08-28
017.PM005,46,1.3,2023-08-28
017.PM005,47,1.3,2023-08-28
017.PM005,48,1.3,2023-08-28
017.PM005,49,1.3,2023-08-28
017.PM005,50,1.3,2023-08-28
017.PM005,56,1.3,2023-08-28
017.PM005,67,1.3,2023-08-28
017.PM005,68,1.3,2023-08-28
017.PM005,75,1.3,2023-08-28
017.PM005,77,1.3,2023-08-28
017.PM005,82,1.3,2023-08-28
017.PM005,83,1.3,2023-08-28
017.PM005,84,1.3,2023-08-28
017.PM005,86,1.3,2023-08-28
017.PM005,87,1.3,2023-08-28
017.PM005,89,1.98,2023-08-28
017.PM005,90,1.98,2023-08-28
017.PM005,97,1.3,2023-08-28
017.PM005,98,1.98,2023-08-28
017.PM005,99,1.98,2023-08-28
017.PM005,100,1.3,2023-08-28
017.PM005,101,1.3,2023-08-28
017.PM005,102,1.3,2023-08-28
017.PM006.08,1,1.3,2023-08-28
017.PM006.08,2,1.3,2023-08-28
017.PM006.08,3,1.3,2023-08-28
017.PM006.08,4,1.3,2023-08-28
017.PM006.08,5,1.98,2023-08-28
017.PM006.08,6,1.98,2023-08-28
017.PM006,1,1.3,2023-08-28
017.PM006,2,1.3,2023-08-28
017.PM006,3,1.3,2023-08-28
017.PM006,4,1.3,2023-08-28
017.PM006,6,1.3,2023-08-28
017.PM006,7,1.3,2023-08-28
017.PM006,8,1.3,2023-08-28
017.PM006,9,1.3,2023-08-28
017.PM006,10,1.3,2023-08-28
017.PM006,15,1.05,2012-05-08
017.PM006,16,1.05,2012-05-08
017.PM006,17,1.05,2012-05-08
017.PM006,18,1.3,2023-08-28
017.PM006,19,1.05,2012-05-08
017.PM006,20,1.3,2023-08-28
017.PM006,21,1.3,2023-08-28
017.PM006,22,1.3,2023-08-28
017.PM006,30,1.05,2012-05-08
017.PM006,32,1.3,2023-08-28
017.PM006,33,1.3,2023-08-28
017.PM006,35,1.3,2023-08-28
017.PM006,36,1.3,2023-08-28
017.PM006,37,1.3,2023-08-28
017.PM006,39,1.3,2023-08-28
017.PM006,40,1.3,2023-08-28
017.PM006,45,1.3,2023-08-28
017.PM006,53,1.3,2023-08-28
017.PM006,54,1.3,2023-08-28
017.PM006,56,1.3,2023-08-28
017.PM006,59,1.3,2023-08-28
017.PM006,60,1.3,2023-08-28
017.PM006,61,1.3,2023-08-28
017.PM006,62,1.3,2023-08-28
017.PM006,63,1.3,2023-08-28
017.PM006,64,1.3,2023-08-28
017.PM006,74,1.3,2023-08-28
017.PM006,75,1.3,2023-08-28
017.PM006,76,1.3,2023-08-28
017.PM006,77,1.3,2023-08-28
017.PM006,80,1.3,2023-08-28
017.PM006,92,1.3,2023-08-28
017.PM006,93,1.3,2023-08-28
017.PM006,94,1.3,2023-08-28
017.PM006,95,1.3,2023-08-28
017.PM006,96,1.3,2023-08-28
017.PM006,100,1.3,2023-08-28
017.PM006,103,1.3,2023-08-28
017.PM006,106,1.3,2023-08-28
017.PM006,108,1.3,2023-08-28
017.PM006,109,1.3,2023-08-28
017.PM006,112,1.3,2023-08-28
017.PM006,113,1.3,2023-08-28
017.PM006,114,1.3,2023-08-28
017.PM006,115,1.98,2023-08-28
017.PM006,118,1.3,2023-08-28
017.PM006,125,1.98,2023-08-28
017.PM007,0,10.85,2023-08-29
017.PM008,0,2.0,2016-04-18
017.PM009,0,3.0,2016-04-18
017.PM010,0,9.62,2023-08-29
017.PM023,0,1.04716,2013-01-18
017.PM024,0,1.04758,2013-01-18
017.PM025,0,0.41609,2013-01-18
017.PM051.18,1,7.45,2022-12-07
017.PM051.18,7,7.45,2022-12-07
017.PM051.18,8,11.78,2022-12-07
017.PM051.FF,2,6.86,2019-09-16
017.PM051.FF,3,6.86,2019-09-16
017.PM051.FF,4,6.86,2019-09-16
017.PM051.FF,5,6.86,2019-09-16
017.PM051.FF,6,6.86,2019-09-16
017.PM051.FF,7,6.86,2019-09-16
017.PM051.FF,8,6.86,2019-09-16
017.PM051.FF,9,6.86,2019-09-16
017.PM051.FF,10,6.86,2019-09-16
017.PM051.FF,11,5.26,2016-03-14
017.PM051.FF,12,5.26,2016-03-14
017.PM051.FF,14,8.78,2016-04-20
017.PM051.FF,15,6.55,2016-04-20
017.PM051.FF,20,7.74,2019-09-16
017.PM051.FF,24,7.64,2019-10-11
017.PM051.FF,26,9.83,2019-10-11
017.PM051,2,5.512,2012-05-08
017.PM051,3,5.662,2012-05-08
017.PM051,4,6.802,2012-05-08
017.PM051,6,5.722,2012-05-08
017.PM051,8,5.512,2012-05-08
017.PM051,14,5.662,2012-05-08
017.PM051,21,4.55,2012-05-08
017.PM051,22,5.63,2012-05-08
017.PM051,28,4.76,2013-01-17
017.PM051,31,4.65,2013-03-27
017.PM051,33,4.91,2013-03-27
017.PM051,34,5.799,2015-01-09
017.PM051,35,6.533,2015-01-09
017.PM051,36,5.851,2015-01-09
017.PM051,37,5.711,2015-01-09
017.PM051,43,5.309,2015-07-29
017.PM051,44,5.0,2015-12-14
017.PM051,45,5.0,2015-12-14
017.PM051,50,6.86,2019-10-14
017.PM052.18,1,13.1,2022-12-07
017.PM052.18,4,13.1,2022-12-07
017.PM052.18,5,19.32,2022-12-07
017.PM052.18,7,13.1,2022-12-07
017.PM052.18,8,13.1,2022-12-07
017.PM052.FF,2,11.83,2019-09-16
017.PM052,3,8.635,2012-05-08
017.PM052,4,8.635,2012-05-08
017.PM052,6,8.635,2012-05-08
017.PM052,7,8.635,2012-05-08
017.PM052,8,8.845,2012-05-08
017.PM052,9,8.845,2012-05-08
017.PM052,10,8.635,2012-05-08
017.PM052,14,8.499,2015-01-09
017.PM052,15,8.411,2015-01-09
017.PM052,16,9.833,2015-01-09
017.PM052,22,13.0,2022-03-09
017.PM055.H,3,44.7,2019-09-16
017.PM055.H,4,44.7,2019-09-16
017.PM055.H,7,53.0,2022-03-08
017.PM055.H,8,44.7,2019-09-16
017.PM055.H,9,44.7,2019-09-16
017.PM055.H,10,44.7,2019-09-16
017.PM055.H,11,44.7,2019-09-16
017.PM055.H,12,44.7,2019-09-16
017.PM055.H,13,44.7,2019-09-16
017.PM055.H,17,53.0,2022-03-08
017.PM055.H,21,44.7,2019-09-16
017.PM055.H,23,53.0,2022-03-08
017.PM055.H,36,30.0,2022-03-08
017.PM055.H,37,30.0,2022-03-08
017.PM055.H,38,30.0,2022-03-08
017.PM055.H,39,30.0,2022-03-08
017.PM055,5,20.88,2012-05-04
017.PM055,6,21.43421,2013-01-18
017.PM055,7,20.746,2012-05-04
017.PM055,8,21.49656,2013-01-18
017.PM055,9,13.252,2012-05-04
017.PM055,10,21.1,2012-05-04
017.PM055,16,20.12255,2015-05-18
017.PM055,20,11.806,2014-07-03
017.PM056,2,0.1848,2014-04-02
017.PM056,3,0.1848,2014-04-02
017.PM056,5,0.147,2012-05-04
017.PM056,6,0.154,2019-09-12
017.PM056,7,0.1725,2015-05-18
017.PM056,8,0.1976,2014-04-02
017.PM056,9,0.143,2012-05-04
017.PM056,10,0.21993,2012-05-04
017.PM056,11,0.17378,2012-05-04
017.PM056,12,0.24884,2012-05-04
017.PM056,13,0.14293,2012-05-04
017.PM056,14,0.132,2012-05-04
017.PM056,15,0.2233,2012-05-04
017.PM056,16,0.20992,2012-05-04
017.PM056,17,0.14999,2012-05-04
017.PM056,21,0.32099,2013-01-18
017.PM056,25,0.33,2016-05-02
017.PM056,26,0.3684,2014-04-02
017.PM056,30,0.1672,2015-08-27
017.PM056,31,0.35722,2015-12-30
017.PM056,32,0.1976,2015-01-14
017.PM056,34,0.1672,2015-08-27
017.PM056,35,0.33,2016-05-02
017.PM056,36,0.3,2015-01-09
017.PM056,37,0.33,2016-05-02
017.PM056,38,0.36,2019-10-14
017.PM056,39,0.132,2016-11-11
017.PM056,40,0.161,2016-11-11
017.PM056,42,0.3572,2015-12-21
017.PM056,44,0.3,2019-02-22
017.PM056,45,0.3,2016-03-12
017.PM056,46,0.3,2016-03-12
017.PM056,47,0.3,2016-03-12
017.PM056,48,0.3,2016-03-12
017.PM056,49,0.3,2016-03-15
017.PM056,53,0.39,2021-05-12
017.PM056,56,0.3,2016-04-20
017.PM056,57,0.3,2016-04-20
017.PM056,58,0.63,2016-04-20
017.PM056,67,1.1,2022-03-09
017.PM056,71,0.26,2021-05-11
017.PM056,77,0.63,2016-12-14
017.PM056,78,0.63,2016-12-14
017.PM056,81,0.36,2019-10-14
017.PM056,86,0.39,2021-05-11
017.PM056,87,0.84,2021-05-11
017.PM056,94,0.36,2019-10-14
017.PM056,104,0.54,2021-05-13
017.PM056,112,0.26,2021-05-11
017.PM056,116,0.54,2021-05-13
017.PM057,2,0.0598,2023-08-29
017.PM057,3,0.07017,2012-05-04
017.PM057,10,0.08008,2015-08-27
017.PM057,0,0.0598,2023-08-29
017.PM058,1,33.5916,2014-10-29
017.PM101.AL,1,180.0,2013-06-05
017.PM101.H.AL,1,220.0,2013-06-05
017.PM101.H,1,220.0,2012-05-08
017.PM101.H,2,220.0,2012-05-08
017.PM101.H,3,220.0,2012-05-08
017.PM101.H,4,220.0,2012-05-08
017.PM101.H,6,220.0,2013-06-05
017.PM101.H,15,300.0,2021-05-05
017.PM101.H,0,300.0,2021-05-05
017.PM101,3,180.0,2012-05-08
017.PM101,4,1000.0,2013-02-20
017.PM101,5,180.0,2012-05-08
017.PM101,6,180.0,2012-05-08
017.PM101,7,180.0,2012-05-08
017.PM101,8,180.0,2012-05-08
017.PM101,9,180.0,2012-05-08
017.PM101,10,180.0,2012-05-08
017.PM101,11,180.0,2012-05-08
017.PM101,12,180.0,2012-05-08
017.PM101,13,180.0,2012-05-08
017.PM101,14,180.0,2012-05-08
017.PM101,15,180.0,2012-05-08
017.PM101,16,180.0,2012-05-08
017.PM101,17,180.0,2012-05-08
017.PM101,18,180.0,2012-05-08
017.PM101,19,180.0,2012-05-08
017.PM101,20,180.0,2012-05-08
017.PM101,21,180.0,2012-05-08
017.PM101,22,180.0,2012-05-08
017.PM101,23,180.0,2012-05-08
017.PM101,24,180.0,2012-05-08
017.PM101,25,180.0,2012-05-08
017.PM101,26,180.0,2012-05-08
017.PM101,27,180.0,2012-05-08
017.PM101,28,180.0,2012-05-08
017.PM101,29,180.0,2012-05-08
017.PM101,30,180.0,2013-06-05
017.PM101,31,180.0,2012-05-08
017.PM101,32,180.0,2012-05-08
017.PM101,33,180.0,2012-05-08
017.PM101,45,250.0,2021-05-05
017.PM101,0,250.0,2021-05-05
017.PM101LM.AK,1,83.4,2012-06-06
017.PM101LM.AL,1,80.0,2013-06-05
017.PM101LM.H.AL,1,120.0,2013-06-05
017.PM101LM.H,1,120.0,2013-06-05
017.PM101LM.H,3,180.0,2015-01-09
017.PM101LM.H,4,180.0,2015-01-09
017.PM101LM.H,5,180.0,2015-01-09
017.PM101LM.H,6,180.0,2015-01-09
017.PM101LM.H,0,92.4,2012-05-25
017.PM101LM,1,80.0,2013-06-05
017.PM101LM,6,150.0,2015-01-09
017.PM101LM,7,150.0,2015-01-09
017.PM101LM,8,150.0,2015-01-09
017.PM101LM,9,150.0,2015-01-09
017.PM101LM,0,47.4,2012-05-25
017.PM102.AL,1,215.0,2013-06-05
017.PM102.H,1,193.4,2012-05-08
017.PM102.H,3,193.4,2012-07-18
017.PM102,1,180.0,2012-05-08
017.PM102,2,180.0,2012-05-08
017.PM102,3,180.0,2012-05-08
017.PM102,4,180.0,2012-05-08
017.PM102,5,180.0,2012-05-08
017.PM102,6,180.0,2012-05-08
017.PM102,7,180.0,2012-05-08
017.PM102,8,180.0,2012-05-08
017.PM102,9,180.0,2012-05-08
017.PM102,10,180.0,2012-05-08
017.PM102,11,180.0,2012-05-08
017.PM102,12,180.0,2012-05-08
017.PM102,13,180.0,2012-05-08
017.PM102,15,180.0,2013-06-05
017.PM102,21,250.0,2021-05-05
017.PM102,0,250.0,2021-05-05
017.PM102LM.AL,1,80.0,2013-06-05
017.PM102LM.H,1,128.4,2012-05-08
017.PM102LM,1,80.0,2013-06-05
017.PM102LM,4,150.0,2015-01-09
017.PM102LM,5,150.0,2015-01-09
017.PM102LM,6,150.0,2015-01-09
017.PM102LM,7,150.0,2015-01-09
017.PM102LM,0,83.4,2012-05-25
017.PM103.01.AL,1,215.0,2013-06-05
017.PM103.01,3,180.0,2012-07-18
017.PM103.01,4,180.0,2013-06-05
017.PM103.01,11,250.0,2021-05-05
017.PM103.01,0,250.0,2021-05-05
017.PM103.AL,1,130.0,2013-06-05
017.PM103.H.01.AL,1,250.0,2013-06-05
017.PM103.H.01,2,220.0,2012-07-18
017.PM103.H.01,3,220.0,2013-06-05
017.PM103.H.01,10,300.0,2021-05-05
017.PM103.H.01,0,300.0,2021-05-05
017.PM103.H.AL,1,150.0,2013-06-05
017.PM103.H,1,110.0,2012-05-08
017.PM103.H,3,110.0,2012-07-18
017.PM103.H,4,110.0,2013-06-05
017.PM103.H,10,180.0,2021-05-05
017.PM103.H,0,180.0,2021-05-05
017.PM103,1,90.0,2012-05-08
017.PM103,2,90.0,2012-05-08
017.PM103,3,90.0,2012-05-08
017.PM103,4,90.0,2012-05-08
017.PM103,5,90.0,2012-05-08
017.PM103,6,90.0,2012-05-08
017.PM103,7,90.0,2012-05-08
017.PM103,8,90.0,2012-05-09
017.PM103,9,90.0,2012-05-08
017.PM103,10,90.0,2012-05-08
017.PM103,11,90.0,2012-05-08
017.PM103,12,90.0,2012-05-08
017.PM103,13,90.0,2012-05-08
017.PM103,14,90.0,2012-05-08
017.PM103,16,90.0,2013-06-05
017.PM103,23,150.0,2021-05-05
017.PM103,0,150.0,2021-05-05
017.PM103LM.01.AL,1,80.0,2013-06-05
017.PM103LM.01,1,80.0,2013-06-05
017.PM103LM.01,4,150.0,2015-01-09
017.PM103LM.01,5,150.0,2015-01-09
017.PM103LM.01,6,150.0,2015-01-09
017.PM103LM.01,7,150.0,2015-01-09
017.PM103LM.01,0,83.4,2012-05-25
017.PM103LM.AL,1,50.0,2013-06-05
017.PM103LM.H.01.AL,1,120.0,2013-06-05
017.PM103LM.H.01,2,120.0,2013-06-05
017.PM103LM.H.01,3,180.0,2015-01-09
017.PM103LM.H.01,4,180.0,2015-01-09
017.PM103LM.H.01,5,180.0,2015-01-09
017.PM103LM.H.01,6,180.0,2015-01-09
017.PM103LM.H.AL,1,70.0,2013-06-05
017.PM103LM.H,1,70.0,2013-06-05
017.PM103LM.H,3,90.0,2015-01-09
017.PM103LM.H,4,90.0,2015-01-09
017.PM103LM.H,5,90.0,2015-01-09
017.PM103LM.H,6,90.0,2015-01-09
017.PM103LM.H,0,72.4,2012-05-25
017.PM103LM,1,50.0,2013-06-05
017.PM103LM,3,75.0,2015-01-09
017.PM103LM,4,75.0,2015-01-09
017.PM103LM,5,75.0,2015-01-09
017.PM103LM,6,75.0,2015-01-09
017.PM103LM,0,37.4,2012-05-25
017.PM104,1,180.0,2012-05-08
017.PM104,2,180.0,2012-05-08
017.PM104,3,180.0,2012-05-08
017.PM104,4,180.0,2012-05-08
017.PM104,6,180.0,2012-05-08
017.PM104,7,180.0,2012-05-08
017.PM104,8,180.0,2012-05-08
017.PM104,10,180.0,2013-06-05
017.PM104,16,250.0,2021-05-05
017.PM104,0,250.0,2021-05-05
017.PM104LM,1,80.0,2013-06-05
017.PM104LM,7,150.0,2015-01-09
017.PM104LM,8,150.0,2015-01-09
017.PM104LM,9,150.0,2015-01-09
017.PM104LM,10,150.0,2015-01-09
017.PM104LM,0,83.4,2012-05-25
017.PM105.01,7,300.0,2022-04-08
017.PM105.03,4,300.0,2022-04-08
017.PM105.05,2,300.0,2022-04-08
017.PM105.07,1,300.0,2022-04-08
017.PM105.09,1,300.0,2022-04-08
017.PM105.11,1,300.0,2022-04-08
017.PM105.13,2,250.0,2022-04-08
017.PM105.15,1,250.0,2022-04-08
017.PM105.25,1,350.0,2022-04-08
017.PM105.26,1,350.0,2022-04-08
017.PM105.27,1,270.0,2022-04-08
017.PM105.28,1,270.0,2022-04-08
017.PM105.29,1,350.0,2022-04-08
017.PM105.30,1,350.0,2022-04-08
017.PM105.31,1,350.0,2022-04-08
017.PM105.32,1,350.0,2022-04-08
017.PM105.33,1,270.0,2022-04-08
017.PM105.34,1,270.0,2022-04-08
017.PM105.35,1,350.0,2022-04-08
017.PM105.36,1,350.0,2022-04-08
017.PM106.001,0,128.0,2023-08-28
017.PM106.002,0,153.0,2023-08-28
017.PM106.005,0,133.0,2023-08-28
017.PM106.006,0,159.0,2023-08-28
017.PM106.007,0,43.0,2023-08-28
017.PM106.008,0,49.0,2023-08-28
017.PM106.009,0,133.0,2023-08-28
017.PM106.010,0,159.0,2023-08-28
017.PM106.011,0,168.0,2023-08-28
017.PM106.012,0,175.0,2023-08-28
017.PM106.013,0,52.0,2023-08-28
017.PM106.014,0,175.0,2023-08-28
017.PM106.015,0,179.0,2023-08-28
017.PM106.016,0,186.0,2023-08-28
017.PM106.017,0,55.0,2023-08-28
017.PM106.018,0,186.0,2023-08-28
017.PM107.001,0,165.0,2023-08-28
017.PM107.002,0,200.0,2023-08-28
017.PM107.003,0,165.0,2023-08-28
017.PM107.004,0,200.0,2023-08-28
017.PM107.007,0,130.0,2013-03-14
017.PM107.008,0,168.0,2013-03-14
017.PM107.009,0,172.0,2023-08-28
017.PM107.010,0,207.0,2023-08-28
017.PM107.011,0,172.0,2023-08-28
017.PM107.012,0,207.0,2023-08-28
017.PM107.013,0,52.0,2023-08-28
017.PM107.014,0,59.0,2023-08-28
017.PM107.015,0,52.0,2023-08-28
017.PM107.016,0,59.0,2023-08-28
017.PM107.017,0,172.0,2023-08-28
017.PM107.018,0,207.0,2023-08-28
017.PM107.019,0,172.0,2023-08-28
017.PM107.020,0,207.0,2023-08-28
017.PM107.021,0,220.0,2023-08-28
017.PM107.022,0,220.0,2023-08-28
017.PM107.023,0,228.0,2023-08-28
017.PM107.024,0,228.0,2023-08-28
017.PM107.025,0,63.0,2023-08-28
017.PM107.026,0,63.0,2023-08-28
017.PM107.027,0,228.0,2023-08-28
017.PM107.028,0,228.0,2023-08-28
017.PM107.029,0,234.0,2023-08-28
017.PM107.030,0,234.0,2023-08-28
017.PM107.031,0,243.0,2023-08-28
017.PM107.032,0,243.0,2023-08-28
017.PM107.033,0,67.0,2023-08-28
017.PM107.034,0,67.0,2023-08-28
017.PM107.035,0,243.0,2023-08-28
017.PM107.036,0,243.0,2023-08-28
017.PM108.001,0,128.0,2023-08-28
017.PM109.001,0,165.0,2023-08-28
017.PM110.001,1,300.0,2021-10-26
017.PM110.001,0,300.0,2021-10-26
017.PM110.002,1,300.0,2021-10-26
017.PM110.002,0,300.0,2021-10-26
017.PM110.003,1,300.0,2021-10-26
017.PM110.003,0,300.0,2021-10-26
017.PM110.004,1,300.0,2021-10-26
017.PM110.004,0,300.0,2021-10-26
017.PM110.005,1,250.0,2021-10-26
017.PM110.005,0,250.0,2021-10-26
017.PM110.006,1,250.0,2021-10-26
017.PM110.006,0,250.0,2021-10-26
017.PM110.007,1,300.0,2021-10-26
017.PM110.007,0,300.0,2021-10-26
017.PM110.008,1,300.0,2021-10-26
017.PM110.008,0,300.0,2021-10-26
017.PM115,0,500.0,2012-07-17
017.PM116.H,0,17.0,2013-06-05
017.PM117,0,1.6074,2023-08-28
017.PM117,0,3.0,2019-04-10
017.PM152,1,30.5,2023-08-28
017.PM152,2,18.0,2023-08-28
017.PM152,3,30.5,2023-08-28
017.PM152,4,18.0,2023-08-28
017.PM152,5,18.0,2023-08-28
017.PM152,6,18.0,2023-08-28
017.PM152,7,18.0,2023-08-28
017.PM152,8,30.5,2023-08-28
017.PM152,9,30.5,2023-08-28
017.PM152,10,18.0,2023-08-28
017.PM152,11,18.0,2023-08-28
017.PM152,12,18.0,2023-08-28
017.PM152,13,18.0,2023-08-28
017.PM152,14,18.0,2023-08-28
017.PM152,15,18.0,2023-08-28
017.PM152,16,18.0,2023-08-28
017.PM152,17,18.0,2023-08-28
017.PM152,18,18.0,2023-08-28
017.PM152,19,30.5,2023-08-28
017.PM152,20,30.5,2023-08-28
017.PM152,21,30.5,2023-08-28
017.PM152,22,30.5,2023-08-28
017.PM152,23,18.0,2023-08-28
017.PM152,24,30.5,2023-08-28
017.PM152,25,18.0,2023-08-28
017.PM152,26,18.0,2023-08-28
017.PM152,27,30.5,2023-08-28
017.PM152,28,30.5,2023-08-28
017.PM152,29,30.5,2023-08-28
017.PM152,30,18.0,2023-08-28
017.PM152,31,18.0,2023-08-28
017.PM152,32,18.0,2023-08-28
017.PM152,33,18.0,2023-08-28
017.PM152,34,18.0,2023-08-28
017.PM152,35,18.0,2023-08-28
017.PM152,36,18.0,2023-08-28
017.PM152,37,18.0,2023-08-28
017.PM152,38,18.0,2023-08-28
017.PM152,39,18.0,2023-08-28
017.PM152,40,18.0,2023-08-28
017.PM152,41,30.5,2023-08-28
017.PM152,42,30.5,2023-08-28
017.PM152,43,18.0,2023-08-28
017.PM152,44,30.5,2023-08-28
017.PM152,46,30.5,2023-08-28
017.PM152,47,30.5,2023-08-28
017.PM152,48,30.5,2023-08-28
017.PM152,49,18.0,2023-08-28
017.PM152,50,18.0,2023-08-28
017.PM152,51,18.0,2023-08-28
017.PM152,52,18.0,2023-08-28
017.PM152,53,18.0,2023-08-28
017.PM152,54,18.0,2023-08-28
017.PM152,55,18.0,2023-08-28
017.PM152,56,18.0,2023-08-28
017.PM152,57,18.0,2023-08-28
017.PM152,58,18.0,2023-08-28
017.PM152,59,18.0,2023-08-28
017.PM152,60,18.0,2023-08-28
017.PM152,61,18.0,2023-08-28
017.PM152,62,18.0,2023-08-28
017.PM152,63,18.0,2023-08-28
017.PM152,64,18.0,2023-08-28
017.PM152,65,18.0,2023-08-28
017.PM152,66,18.0,2023-08-28
017.PM152,67,18.0,2023-08-28
017.PM152,68,18.0,2023-08-28
017.PM152,69,18.0,2023-08-28
017.PM152,70,18.0,2023-08-28
017.PM152,71,18.0,2023-08-28
017.PM152,72,18.0,2023-08-28
017.PM152,73,18.0,2023-08-28
017.PM152,74,18.0,2023-08-28
017.PM152,75,18.0,2023-08-28
017.PM152,76,18.0,2023-08-28
017.PM152,77,18.0,2023-08-28
017.PM152,78,18.0,2023-08-28
017.PM152,79,18.0,2023-08-28
017.PM152,80,18.0,2023-08-28
017.PM152,81,18.0,2023-08-28
017.PM152,82,18.0,2023-08-28
017.PM152,83,18.0,2023-08-28
017.PM152,84,18.0,2023-08-28
017.PM152,85,18.0,2023-08-28
017.PM152,86,18.0,2023-08-28
017.PM152,87,18.0,2023-08-28
017.PM152,88,18.0,2023-08-28
017.PM152,89,18.0,2023-08-28
017.PM152,90,18.0,2023-08-28
017.PM152,91,18.0,2023-08-28
017.PM152,92,18.0,2023-08-28
017.PM152,93,18.0,2023-08-28
017.PM152,94,18.0,2023-08-28
017.PM152,95,18.0,2023-08-28
017.PM152,96,18.0,2023-08-28
017.PM152,97,18.0,2023-08-28
017.PM152,98,18.0,2023-08-28
017.PM152,99,18.0,2023-08-28
017.PM152,100,18.0,2023-08-28
017.PM152,101,18.0,2023-08-28
017.PM152,102,18.0,2023-08-28
017.PM152,103,18.0,2023-08-28
017.PM152,104,18.0,2023-08-28
017.PM152,105,18.0,2023-08-28
017.PM152,106,18.0,2023-08-28
017.PM152,107,18.0,2023-08-28
017.PM152,108,18.0,2023-08-28
017.PM152,109,18.0,2023-08-28
017.PM152,110,18.0,2023-08-28
017.PM152,111,18.0,2023-08-28
017.PM152,112,18.0,2023-08-28
017.PM152,113,18.0,2023-08-28
017.PM152,114,18.0,2023-08-28
017.PM152,115,18.0,2023-08-28
017.PM152,116,18.0,2023-08-28
017.PM152,117,18.0,2023-08-28
017.PM152,118,30.5,2023-08-28
017.PM152,119,18.0,2023-08-28
017.PM152,120,30.5,2023-08-28
017.PM152,121,18.0,2023-08-28
017.PM152,122,18.0,2023-08-28
017.PM152,123,18.0,2023-08-28
017.PM152,124,18.0,2023-08-28
017.PM152,125,18.0,2023-08-28
017.PM152,126,18.0,2023-08-28
017.PM152,127,18.0,2023-08-28
017.PM152,128,18.0,2023-08-28
017.PM152,129,18.0,2023-08-28
017.PM152,130,18.0,2023-08-28
017.PM152,131,18.0,2023-08-28
017.PM152,132,18.0,2023-08-28
017.PM152,133,18.0,2023-08-28
017.PM152,134,18.0,2023-08-28
017.PM152,135,18.0,2023-08-28
017.PM152,136,30.5,2023-08-28
017.PM152,137,18.0,2023-08-28
017.PM152,138,18.0,2023-08-28
017.PM152,139,18.0,2023-08-28
017.PM152,140,18.0,2023-08-28
017.PM152,141,18.0,2023-08-28
017.PM152,142,30.5,2023-08-28
017.PM152,143,30.5,2023-08-28
017.PM152,144,18.0,2023-08-28
017.PM152,145,18.0,2023-08-28
017.PM152,146,30.5,2023-08-28
017.PM152,147,30.5,2023-08-28
017.PM152,148,18.0,2023-08-28
017.PM152,149,18.0,2023-08-28
017.PM152,150,18.0,2023-08-28
017.PM152,151,18.0,2023-08-28
017.PM152,152,18.0,2023-08-28
017.PM152,153,18.0,2023-08-28
017.PM152,154,18.0,2023-08-28
017.PM152,155,18.0,2023-08-28
017.PM152,156,18.0,2023-08-28
017.PM152,157,18.0,2023-08-28
017.PM152,158,18.0,2023-08-28
017.PM152,159,18.0,2023-08-28
017.PM152,160,18.0,2023-08-28
017.PM152,161,18.0,2023-08-28
017.PM152,162,18.0,2023-08-28
017.PM152,163,18.0,2023-08-28
017.PM152,164,18.0,2023-08-28
017.PM152,165,18.0,2023-08-28
017.PM152,166,18.0,2023-08-28
017.PM152,167,18.0,2023-08-28
017.PM152,168,18.0,2023-08-28
017.PM152,169,30.5,2023-08-28
017.PM152,170,18.0,2023-08-28
017.PM152,171,18.0,2023-08-28
017.PM152,172,18.0,2023-08-28
017.PM152,173,18.0,2023-08-28
017.PM152,174,18.0,2023-08-28
017.PM152,175,18.0,2023-08-28
017.PM152,176,18.0,2023-08-28
017.PM152,177,18.0,2023-08-28
017.PM152,178,18.0,2023-08-28
017.PM152,179,30.5,2023-08-28
017.PM152,180,30.5,2023-08-28
017.PM152,181,18.0,2023-08-28
017.PM152,182,30.5,2023-08-28
017.PM152,183,18.0,2023-08-28
017.PM152,184,18.0,2023-08-28
017.PM152,185,30.5,2023-08-28
017.PM152,186,18.0,2023-08-28
017.PM152,187,18.0,2023-08-28
017.PM152,188,30.5,2023-08-28
017.PM152,189,18.0,2023-08-28
017.PM152,190,18.0,2023-08-28
017.PM152,191,18.0,2023-08-28
017.PM152,192,18.0,2023-08-28
017.PM152,193,30.5,2023-08-28
017.PM152,194,18.0,2023-08-28
017.PM152,195,18.0,2023-08-28
017.PM152,196,30.5,2023-08-28
017.PM152,197,18.0,2023-08-28
017.PM152,198,18.0,2023-08-28
017.PM152,199,30.5,2023-08-28
017.PM152,200,18.0,2023-08-28
017.PM152,201,18.0,2023-08-28
017.PM152,202,18.0,2023-08-28
017.PM152,203,18.0,2023-08-28
017.PM152,204,18.0,2023-08-28
017.PM152,205,18.0,2023-08-28
017.PM152,206,30.5,2023-08-28
017.PM152,207,18.0,2023-08-28
017.PM152,208,30.5,2023-08-28
017.PM152,209,18.0,2023-08-28
017.PM152,210,30.5,2023-08-28
017.PM152,211,18.0,2023-08-28
017.PM152,212,30.5,2023-08-28
017.PM152,213,18.0,2023-08-28
017.PM152,214,30.5,2023-08-28
017.PM152,215,18.0,2023-08-28
017.PM152,216,30.5,2023-08-28
017.PM152,217,18.0,2023-08-28
017.PM152,218,18.0,2023-08-28
017.PM152,219,18.0,2023-08-28
017.PM152,220,18.0,2023-08-28
017.PM152,221,18.0,2023-08-28
017.PM152,222,18.0,2023-08-28
017.PM152,223,18.0,2023-08-28
017.PM152,224,18.0,2023-08-28
017.PM152,225,18.0,2023-08-28
017.PM152,226,18.0,2023-08-28
017.PM152,227,18.0,2023-08-28
017.PM152,228,18.0,2023-08-28
017.PM152,229,30.5,2023-08-28
017.PM152,230,18.0,2023-08-28
017.PM152,231,18.0,2023-08-28
017.PM152,232,30.5,2023-08-28
017.PM152,233,18.0,2023-08-28
017.PM152,234,18.0,2023-08-28
017.PM152,235,30.5,2023-08-28
017.PM152,236,18.0,2023-08-28
017.PM152,237,18.0,2023-08-28
017.PM152,238,30.5,2023-08-28
017.PM152,239,18.0,2023-08-28
017.PM152,240,18.0,2023-08-28
017.PM152,241,30.5,2023-08-28
017.PM152,242,30.5,2023-08-28
017.PM152,243,30.5,2023-08-28
017.PM152,244,30.5,2023-08-28
017.PM152,245,30.5,2023-08-28
017.PM152,246,18.0,2023-08-28
017.PM152,274,18.0,2023-08-28
017.PM152,275,18.0,2023-08-28
017.PM152,276,18.0,2023-08-28
017.PM152,277,18.0,2023-08-28
017.PM152,278,18.0,2023-08-28
017.PM152,279,18.0,2023-08-28
017.PM152,280,18.0,2023-08-28
017.PM152,281,18.0,2023-08-28
017.PM152,282,18.0,2023-08-28
017.PM152,283,18.0,2023-08-28
017.PM152,284,18.0,2023-08-28
017.PM152,285,18.0,2023-08-28
017.PM152,286,18.0,2023-08-28
017.PM152,287,18.0,2023-08-28
017.PM152,288,18.0,2023-08-28
017.PM152,289,18.0,2023-08-28
017.PM152,290,18.0,2023-08-28
017.PM152,291,18.0,2023-08-28
017.PM152,292,18.0,2023-08-28
017.PM152,293,18.0,2023-08-28
017.PM152,294,18.0,2023-08-28
017.PM152,295,18.0,2023-08-28
017.PM152,296,18.0,2023-08-28
017.PM152,297,18.0,2023-08-28
017.PM152,298,18.0,2023-08-28
017.PM152,299,18.0,2023-08-28
017.PM152,300,18.0,2023-08-28
017.PM152,301,18.0,2023-08-28
017.PM152,302,18.0,2023-08-28
017.PM152,303,18.0,2023-08-28
017.PM152,304,18.0,2023-08-28
017.PM152,305,18.0,2023-08-28
017.PM152,306,18.0,2023-08-28
017.PM152,307,18.0,2023-08-28
017.PM152,308,18.0,2023-08-28
017.PM152,309,18.0,2023-08-28
017.PM152,310,18.0,2023-08-28
017.PM152,311,18.0,2023-08-28
017.PM152,312,18.0,2023-08-28
017.PM152,313,18.0,2023-08-28
017.PM152,314,18.0,2023-08-28
017.PM152,315,18.0,2023-08-28
017.PM152,342,18.0,2023-08-28
017.PM152,408,18.0,2023-08-28
017.PM152,451,18.0,2023-08-28
017.PM152,505,18.0,2023-08-28
017.PM152,584,18.0,2023-08-28
017.PM152,673,18.0,2023-08-28
017.PM152,674,18.0,2023-08-28
017.PM152,675,18.0,2023-08-28
017.PM152,676,18.0,2023-08-28
017.PM152,677,18.0,2023-08-28
017.PM152,678,18.0,2023-08-28
017.PM152,683,18.0,2023-08-28
017.PM152,684,18.0,2023-08-28
017.PM152,685,18.0,2023-08-28
017.PM152,686,18.0,2023-08-28
017.PM152,687,18.0,2023-08-28
017.PM152,688,18.0,2023-08-28
017.PM152,689,18.0,2023-08-28
017.PM152,690,18.0,2023-08-28
017.PM152,691,18.0,2023-08-28
017.PM152,692,18.0,2023-08-28
017.PM152,693,18.0,2023-08-28
017.PM152,866,18.0,2023-08-28
017.PM152,867,18.0,2023-08-28
017.PM152,868,18.0,2023-08-28
017.PM152,1251,18.0,2023-08-28
017.PM152,1254,18.0,2023-08-28
017.PM152,1255,18.0,2023-08-28
017.PM152,1256,18.0,2023-08-28
017.PM152,1767,18.0,2023-08-28
017.PM152,1768,18.0,2023-08-28
017.PM153,1,50.0,2023-08-28
017.PM153,2,50.0,2023-08-28
017.PM153,3,50.0,2023-08-28
017.PM153,4,50.0,2023-08-28
017.PM153,5,50.0,2023-08-28
017.PM153,6,50.0,2023-08-28
017.PM153,7,50.0,2023-08-28
017.PM153,8,50.0,2023-08-28
017.PM153,9,50.0,2023-08-28
017.PM153,10,50.0,2023-08-28
017.PM153,12,50.0,2023-08-28
017.PM153,33,50.0,2023-08-28
017.PM153,53,50.0,2023-08-28
017.PM154,2,20.5,2023-08-28
017.PM154,4,20.5,2023-08-28
017.PM154,5,20.5,2023-08-28
017.PM154,6,32.0,2023-08-28
017.PM154,7,32.0,2023-08-28
017.PM156,0,200.0,2022-12-09
017.PM157,0,260.0,2017-03-13
017.PM162,0,30.0,2012-05-08
017.PM163,0,35.0,2012-05-30
017.PM201,0,2.394,2023-08-28
017.PM201AN,2,2.40014,2021-05-04
017.PM202AN,1,1.77176,2012-05-04
017.PM202AN,0,1.77176,2012-05-04
017.PM203AN,1,3.444,2012-05-08
017.PM204AN,1,4.466,2012-05-08
017.PM205,0,8.341,2023-08-28
017.PM206,1,6.4,2023-04-19
017.PM206,2,6.4,2023-04-19
017.PM206,3,6.4,2023-04-19
017.PM206AN,5,7.0,2023-08-28
017.PM206AN,6,7.0,2023-08-28
017.PM206AN,7,7.0,2023-08-28
017.PM206AN,0,7.0,2023-08-28
017.PM207,0,2.2002,2023-08-28
017.PM301,0,0.0739,2023-08-29
017.PM302,0,0.0118,2016-11-11
017.PM303,0,0.0143,2023-08-29
017.PM303,0,0.00762,2020-11-13
017.PM304,0,0.0219,2023-05-03
017.PM305,0,0.0068,2014-04-02
017.PM306,0,0.0255,2023-08-29
017.PM307,0,0.0167,2022-03-09
017.PM308,0,0.0222,2023-08-29
017.PM309,0,0.0239,2023-08-29
017.PM311,0,0.059,2023-05-03
017.PM312,0,0.0324,2022-12-09
017.PM313,0,0.01855,2022-12-09
017.PM314,0,0.0076,2023-08-29
017.PM315,0,0.009,2021-05-04
017.PM316,0,0.072,2023-08-29
017.PM317,0,0.0341,2023-08-29
017.PM318,0,0.01151,2018-03-14
017.PM319,0,0.15,2023-08-29
017.PM320,0,0.01833,2019-09-12
017.PM321,0,0.0835,2022-03-09
017.PM322,0,0.01204,2022-03-09
017.PM323,0,0.0898,2023-08-29
017.PM324,0,0.28,2023-05-03
017.PM324,0,0.238,2020-11-20
017.PM325,0,0.584,2022-12-13
017.PM326,0,3.0,2021-05-04
017.PM327,0,6.0,2021-05-11
017.PM328,0,0.5664,2022-12-13
017.PM329,0,2.53,2014-07-03
017.PM330,0,0.41,2014-04-02
017.PM331,0,0.36,2014-07-03
017.PM332,0,0.63,2014-07-03
017.PM333,0,0.63,2014-07-03
017.PM334,0,4.35,2014-07-03
017.PM335,0,4.26,2014-07-03
017.PM336,0,0.6864,2022-12-07
017.PM337,0,0.958,2022-12-09
017.PM338,0,0.20376,2018-03-14
017.PM339,0,0.207,2022-12-09
017.PM340,0,0.4192,2022-03-09
017.PM341,0,0.35077,2012-05-04
017.PM342,0,12.0,2015-09-08
017.PM343,0,7.905,2022-04-08
017.PM345,0,24.52764,2015-05-18
017.PM346,0,0.58348,2015-05-18
017.PM347,0,0.41,2012-05-04
017.PM348,0,0.41,2012-05-04
017.PM349,0,0.41,2012-05-04
017.PM350,0,0.40841,2012-05-04
017.PM351,0,8.9,2023-03-03
017.PM352,0,13.578,2023-08-29
017.PM353,0,2.5,2023-03-03
017.PM354.IGN,0,2.85,2015-10-27
017.PM354,0,3.35,2023-04-27
017.PM355.15,0,2.2,2015-08-04
017.PM355,0,2.59,2023-08-29
017.PM356.15,0,4.05,2022-12-13
017.PM356,0,2.715,2013-02-25
017.PM357,0,6.83,2023-08-29
017.PM357,0,5.1,2020-11-17
017.PM358,0,250.0,2015-08-27
017.PM359,0,150.0,2012-07-16
017.PM360,0,18.308,2019-09-12
017.PM361,0,11.41,2023-08-29
017.PM362,0,66.0,2012-05-30
017.PM363,0,8.5925,2021-05-04
017.PM364,0,66.0,2012-05-30
017.PM365,0,1.22897,2021-05-04
017.PM367,0,22.0,2021-05-04
017.PM368,0,206.78,2022-12-09
017.PM369,0,8.14,2023-05-03
017.PM370,0,1.45905,2019-09-12
017.PM371,0,24.816,2021-05-04
017.PM372,0,3.5,2012-05-04
017.PM373,0,1.6,2022-12-09
017.PM374,0,25.0,2012-05-08
017.PM375,0,15.28,2021-05-04
017.PM376,0,30.0,2012-05-08
017.PM377,0,27.093,2021-05-04
017.PM378,0,0.61255,2023-08-29
017.PM380,0,48.32,2012-05-04
017.PM381,0,79.512,2020-01-13
017.PM382,0,18.85,2018-07-31
017.PM384,0,1.1309,2023-05-03
017.PM385,0,7.69,2022-12-09
017.PM386.AL,0,4.75,2023-08-29
017.PM386,0,2.88,2022-12-09
017.PM387,0,38.0,2023-05-03
017.PM388,0,16.15,2021-05-04
017.PM389,0,10.75,2015-08-27
017.PM390,0,40.27,2021-05-04
017.PM391,0,25.15,2023-08-29
017.PM392,0,37.0,2023-08-29
017.PM393,0,10.85,2015-05-18
017.PM394,0,6.0,2023-08-29
017.PM395,0,75.0,2023-08-29
017.PM396,0,15.32857,2023-08-29
017.PM397,0,50.25,2023-08-29
017.PM398,0,51.5,2023-08-29
017.PM399,0,33.15,2022-03-09
017.PM402.A,0,6.629,2023-08-29
017.PM402,0,39.33343,2021-05-04
017.PM404,0,23.48,2023-08-29
017.PM405,0,46.48,2023-08-29
017.PM406,1,20.0,2013-09-26
017.PM406,3,20.0,2013-09-26
017.PM406,6,20.0,2019-10-30
017.PM406,0,20.0,2013-09-26
017.PM407,4,20.0,2013-09-26
017.PM407,8,20.0,2019-10-30
017.PM407,0,20.0,2013-09-26
017.PM408,1,16.0,2013-09-26
017.PM408,6,16.0,2019-10-30
017.PM408,0,16.0,2013-09-26
017.PM409,3,20.0,2013-09-26
017.PM409,7,20.0,2019-10-30
017.PM409,0,20.0,2013-09-26
017.PM410,1,20.0,2013-09-26
017.PM410,2,0.0,2016-12-29
017.PM410,3,20.0,2013-09-26
017.PM410,6,20.0,2019-10-30
017.PM410,0,20.0,2013-09-26
017.PM411,0,4.77304,2023-08-29
017.PM412,0,6.0,2022-10-04
017.PM414,1,39.8,2023-01-12
017.PM415,1,42.03,2023-01-12
017.PM416,1,40.3,2015-05-18
017.PM417,2,39.8,2023-01-12
017.PM418,1,39.8,2023-01-12
017.PM418,2,40.0,2012-05-08
017.PM419,1,46.52,2023-01-12
017.PM419_AL,1,46.52,2023-01-12
017.PM420,1,46.52,2023-01-12
017.PM420_AL,1,46.52,2023-01-12
017.PM421,1,48.75,2023-01-12
017.PM421_AL,1,50.34,2023-01-12
017.PM422,3,46.52,2023-01-12
017.PM422_AL,1,46.52,2023-01-12
017.PM423,1,46.52,2023-01-12
017.PM423_AL,1,46.52,2023-01-12
017.PM424,2,51.8,2023-01-12
017.PM424_AL,1,53.6,2023-01-12
017.PM425,1,46.52,2023-01-12
017.PM425_AL,1,46.52,2023-01-12
017.PM426,1,61.82,2023-01-12
017.PM426_AL,1,63.72,2023-01-12
017.PM427,1,46.52,2023-01-12
017.PM427_AL,1,46.52,2023-01-12
017.PM428,1,37.45,2015-05-19
017.PM428,2,37.45,2015-05-19
017.PM429,1,46.52,2023-01-12
017.PM429_AL,1,46.52,2023-01-12
017.PM430,1,63.02,2023-01-12
017.PM430_AL,1,65.14,2023-01-12
017.PM431,1,75.54,2023-01-12
017.PM431_AL,1,77.76,2023-01-12
017.PM433,1,53.5,2023-01-12
017.PM433_AL,1,55.16,2023-01-12
017.PM434,0,2.59351,2013-01-18
017.PM435,0,0.068,2023-08-29
017.PM436,0,0.36,2014-04-02
017.PM437,0,2.93219,2023-08-29
017.PM438,0,0.46,2022-12-09
017.PM438B,0,0.182,2023-05-03
017.PM440,0,1.38441,2015-12-30
017.PM441,0,1.49261,2023-08-29
017.PM442,0,1.6,2014-04-02
017.PM443,0,7.36,2014-04-02
017.PM444,0,1.4,2012-05-09
017.PM445,0,0.052,2022-04-08
017.PM446,0,0.13,2014-04-02
017.PM447,0,0.3612,2015-05-18
017.PM449,0,0.1681,2023-08-29
017.PM450,0,0.4012,2022-04-08
017.PM451,0,3.2391,2023-08-29
017.PM452,0,1.52,2014-04-02
017.PM453,0,0.073,2022-12-09
017.PM459,0,40.0,2017-10-12
017.PM459FT,0,40.0,2017-10-12
017.PM460,0,50.0,2023-08-28
017.PM460FT,0,30.0,2012-07-13
017.PM461,0,4.51,2023-08-29
017.PM463,0,0.0118,2017-02-21
017.PM464,0,0.009,2023-05-03
017.PM465,0,0.4,2022-12-09
017.PM466,0,0.29,2012-05-04
017.PM467,0,0.45084,2022-12-09
017.PM468,0,0.6457,2022-12-09
017.PM469,1,37.45,2015-05-19
017.PM470,1,48.35,2015-05-19
017.PM471,1,32.04,2015-05-19
017.PM472,0,3.89898,2013-01-18
017.PM474,0,0.0059,2023-05-03
017.PM476,0,4.12096,2015-05-18
017.PM477,0,2.58701,2013-01-18
017.PM478,0,10.83,2012-05-04
017.PM479,0,0.21,2012-05-04
017.PM480,0,8.0,2014-04-02
017.PM482,0,0.0092,2019-09-12
017.PM484,1,77.82,2023-01-12
017.PM485,1,39.3,2015-05-19
017.PM486,1,33.89,2015-05-19
017.PM487,0,0.5606,2017-02-21
017.PM488,0,0.075,2012-05-04
017.PM489BI,0,0.25,2012-05-04
017.PM489GC,0,0.25,2012-05-04
017.PM490C,0,0.5,2012-05-04
017.PM490F,0,8.75503,2015-05-18
017.PM490M,0,2.57502,2015-05-18
017.PM491,0,0.009,2022-03-09
017.PM492.C,0,2.95,2016-11-18
017.PM492,0,13.5,2016-11-18
017.PM494.15,0,0.83,2022-12-13
017.PM494.30,0,2.58,2015-05-13
017.PM496,0,5.0,2023-08-28
017.PM496FT,0,5.0,2012-07-13
017.PM497,0,30.0,2017-10-12
017.PM497FT,0,30.0,2017-10-12
017.PM499,0,0.0191,2022-03-09
017.PM500,0,3.125,2013-01-18
017.PM501,0,0.0605,2022-12-09
017.PM502,0,15.0,2023-08-28
017.PM502FT,0,15.0,2012-07-13
017.PM503,0,10.0,2023-08-28
017.PM503FT,0,10.0,2012-07-13
017.PM504,0,3.0,2023-08-29
017.PM505,0,2.4,2023-05-03
017.PM506,0,0.6272,2022-03-09
017.PM507,0,0.0,2012-05-10
017.PM507FT,0,0.0,2012-05-10
017.PM508.I,0,1.6,2017-09-20
017.PM508,0,1.2,2015-05-13
017.PM512,0,8.98,2023-08-29
017.PM513,0,43.15,2023-08-29
017.PM514,0,61.15,2023-08-29
017.PM516,0,0.1802,2023-08-29
017.PM517,0,0.021,2023-08-29
017.PM518,0,80.0,2013-06-03
017.PM519,0,40.0,2019-09-26
017.PM520,0,1.2,2014-01-20
017.PM521,0,96.17,2023-08-29
017.PM522,0,105.02,2023-08-29
017.PM523,0,105.60846,2023-08-29
017.PM524,0,1.2768,2022-12-09
017.PM525,0,0.483,2022-12-09
017.PM526,0,0.0392,2022-12-09
017.PM527,0,0.17378,2014-06-18
017.PM528,0,3.34851,2023-08-29
017.PM529,0,0.1182,2023-08-29
017.PM530,0,3.133,2023-08-29
017.PM531,0,2.76667,2023-08-29
017.PM532,0,0.52511,2023-08-29
017.PM533,0,0.3481,2023-08-29
017.PM534,0,2.0554,2023-08-29
017.PM535,0,6.254,2023-08-29
017.PM536,0,2.0414,2023-08-29
017.PM537,0,0.46,2015-05-14
017.PM539,0,4.5,2022-12-13
017.PM540,0,0.0205,2023-08-29
017.PM541,0,0.90721,2023-05-03
017.PM542,1,46.52,2023-01-12
017.PM543,1,70.19,2023-01-12
017.PM543_AL,1,72.51,2023-01-12
017.PM544,1,84.29,2023-01-12
017.PM544_AL,1,86.72,2023-01-12
017.PM545,1,46.52,2023-01-12
017.PM546,1,76.16,2023-01-12
017.PM546_AL,1,78.65,2023-01-12
017.PM547,1,91.59,2023-01-12
017.PM547_AL,1,94.19,2023-01-12
017.PM548,0,0.01,2022-12-13
017.PM549,0,3.33,2023-08-29
017.PM549,0,2.79,2020-11-17
017.PM550,0,0.0474,2023-08-29
017.PM551,0,0.045,2023-08-29
017.PM552,0,0.0381,2022-03-09
017.PM553,0,0.0315,2023-08-29
017.PM554,0,523.57,2023-08-29
017.PM555,0,164.25,2022-04-08
017.PM556,0,114.35,2022-12-09
017.PM557,0,8.0,2022-12-09
017.PM558,0,0.0191,2023-05-03
017.PM560.10,0,19.392,2022-12-13
017.PM561,0,0.77,2022-12-13
017.PM562,0,10.55,2023-08-29
017.PM563,0,10.56,2022-12-13
017.PM564,0,6.5,2022-10-04
017.PM565,0,4.2,2022-10-04
017.PM566,0,2.5,2022-10-04
017.PM567,0,92.0,2023-08-29
017.PM568,0,13.0616,2023-08-29
017.PM569,0,13.0616,2023-08-29
017.PM570,0,10.0474,2023-08-29
017.PM571,0,31.94638,2023-08-29
017.PM572,0,0.0155,2023-08-29
017.PM573,0,0.049,2023-08-29
017.PM574,0,0.066,2023-05-03
017.PM575,0,37.5,2023-08-29
017.PM576,0,11.0,2023-08-29
017.PM578,0,7.38,2023-08-29
017.PM579,0,8.4,2023-08-29
017.PM580,0,1.51733,2023-08-29
017.PM581,0,0.033,2023-08-29
017.PM582,0,0.0077,2023-08-29
017.PM583,0,0.0118,2023-05-03
017.PM583,0,0.0097,2020-11-13
017.PM584,0,0.035,2023-05-03
017.PM585,0,0.03865,2022-03-09
017.PM586,0,2.87,2021-09-23
017.PM587,0,10.2442,2023-08-29
017.PM588,0,0.64013,2023-08-29
017.PM589,0,4.13,2023-08-29
017.PM590,0,12.95,2023-08-29
017.PM591,0,32.5,2023-08-29
017.PM592,0,0.0118,2019-09-20
017.PM593,0,0.134,2023-08-29
017.PM594,0,0.0732,2018-11-09
017.PM595,0,0.3033,2018-11-09
017.PM596,0,0.2623,2018-11-09
017.PM597,0,30.17917,2023-08-29
017.PM598,0,5.85,2023-08-29
017.PM600,0,30.01333,2023-08-29
017.PM601,0,14.31444,2023-08-29
017.PM602,0,321.5,2023-08-29
017.PM602,0,242.0,2019-04-16
017.PM603,0,19.68,2023-08-29
017.PM604,0,23.1802,2023-08-29
017.PM605,0,0.079,2023-11-09
017.PM606,0,1.0,2019-11-22
017.PM607,0,109.08,2023-08-29
017.PM608,0,0.297,2023-08-29
017.PM609,0,66.0,2020-06-17
017.PM610,0,13.0,2020-06-17
017.PM611,0,7.5,2020-06-17
017.PM612,0,100.0,2021-07-16
017.PM613,0,110.0,2021-07-16
017.PM614,0,0.9994,2023-08-29
017.PM615,0,4.8644,2023-08-29
017.PM616,0,36.25,2022-04-04
017.PM617,0,10.60833,2023-08-29
017.PM618,0,1.95,2023-08-29
017.PM619,0,26.66667,2023-08-29
017.PM620,0,3.0,2022-05-17
017.PM621,0,2.1,2023-08-29
017.PM622,0,6.62,2023-03-03
017.PM623,0,1.6,2023-03-03
017.PM627,0,0.2023,2023-11-09
017.PM631,0,0.436,2023-11-09
017.PM632,0,0.2623,2023-11-09
017.PM641,0,12.89875,2023-11-09
017.PM642,0,0.01,2023-11-09
017.PM643,0,0.06,2023-11-09
017.PM644,0,0.05,2023-11-09
017.PM645,0,0.02,2023-11-09
017.PM646,0,2.9,2023-11-09
017.PM647,0,1.95,2023-11-09
017.PM648,0,0.04,2023-11-09
017.PM649,0,0.022,2023-11-09
017.PM650,0,0.08,2023-11-09
017.PM651,0,1.65,2023-11-09
017.PM652,0,0.05,2023-11-09
017.PM653,0,0.06,2023-11-09
017.PM654,0,0.02,2023-11-09
017.PM658,0,2.74,2024-01-16
017.PM659,0,0.44,2024-01-16
017.TD.ACC.003.GR,0,1.52,2024-02-20
017.TD.ACC.004.BI,0,2.97,2024-02-28
017.TD.ACC.005.10,0,2.52002,2024-01-02
017.TD.ACC.009.13,0,0.888,2024-02-20
017.TD.ACC.010.9613,0,1.17623,2024-02-20
017.TD.ACC.011.D16,0,12.2,2024-02-20
017.TD.ACC.012.4646,0,1.94427,2024-02-20
017.TD.ACC.012.D16,0,11.7,2024-02-20
017.TD.ACC.013.BI,0,5.424,2024-02-20
017.TD.ACC.014,0,0.12121,2024-02-20
017.TD.ACC.015.6114,0,12.57,2024-02-20
017.TD.ACC.015.6118,0,10.4,2024-02-20
017.TD.AGB.001.60,0,13.0,2024-02-20
017.TD.AGB.002.162828,0,9.79,2024-02-20
017.TD.AGB.002.163045,0,14.82,2024-02-20
017.TD.AGB.003.FR22,0,13.0,2024-02-20
017.TD.AGB.004.60,0,13.0,2024-02-20
017.TD.AGB.006.F16,0,11.79,2024-02-20
017.TD.ANT.005.BL,0,5.88,2024-02-20
017.TD.ANT.005.GR,0,5.14,2024-02-20
017.TD.ANT.006.GR,0,0.204,2024-02-20
017.TD.ASS.001.8592,0,33.0,2024-02-20
017.TD.CCE.002.2500,0,28.68,2024-02-20
017.TD.CIS.001,0,115.17333,2024-02-20
017.TD.CIS.002,0,8.52,2024-02-20
017.TD.CIS.003.5530,0,5.75,2024-02-20
017.TD.CIS.004,0,27.35,2024-02-20
017.TD.COM.001.1030,0,9.7,2024-02-20
017.TD.COM.001.1230,0,10.03,2024-02-20
017.TD.COM.002.1030,0,10.64,2024-02-20
017.TD.COM.002.1230,0,11.04,2024-02-20
017.TD.COM.003.1030,0,16.58,2024-02-20
017.TD.COM.004.2300,0,17.6,2024-02-20
017.TD.COM.005.1530,0,9.64,2024-02-20
017.TD.DOR.002.TS92,0,131.9,2024-02-20
017.TD.DOR.002.TS93,0,204.25,2024-02-20
017.TD.DOR.003.GSR,0,209.9,2024-02-20
017.TD.DOR.004.TS83,0,102.31,2024-02-20
017.TD.DOR.005.8350,0,21.5,2024-02-20
017.TD.GUA.GR,0,0.6,2024-02-20
017.TD.HOP.001.44,0,3.5,2024-02-20
017.TD.HOP.001.58,0,12.22,2024-02-20
017.TD.HOP.001,0,8.5775,2024-02-20
017.TD.HOP.002,0,16.7,2024-02-20
017.TD.HOP.003,0,5.13,2024-02-20
017.TD.HOP.004,0,18.5,2024-02-20
017.TD.HOP.006.69,0,3.5,2024-02-20
017.TD.HOP.007.69,0,48.89,2024-02-20
017.TD.INT.001.20,0,0.475,2024-02-20
017.TD.INT.001.30,0,0.695,2024-02-20
017.TD.INT.001.40,0,0.925,2024-02-20
017.TD.INT.003.109,0,1.018,2024-02-20
017.TD.INT.003.110,0,1.2678,2024-02-20
017.TD.LAN100.20,0,3.2,2024-02-20
017.TD.LAN120.40,0,6.5,2024-02-20
017.TD.LAV.0001,0,22.0,2024-02-20
017.TD.LAV.0002,0,22.0,2024-02-20
017.TD.LAV.0003,0,22.0,2024-02-20
017.TD.LAV.0004,0,22.0,2024-02-20
017.TD.LAV.0005,0,22.0,2024-02-20
017.TD.LAV.0006,0,22.0,2024-02-20
017.TD.LAV.0007,0,22.0,2024-02-20
017.TD.LAV.0008,0,22.0,2024-02-20
017.TD.LAV.0009,0,22.0,2024-02-20
017.TD.LAV.0010,0,22.0,2024-02-20
017.TD.LAV.0011,0,22.0,2024-02-20
017.TD.LAV.0012,0,22.0,2024-02-20
017.TD.LAV.0013,0,22.0,2024-02-20
017.TD.LAV.0014,0,22.0,2024-02-20
017.TD.LAV.0015,0,22.0,2024-02-20
017.TD.LAV.0016,0,22.0,2024-02-20
017.TD.LAV.0018,0,22.0,2024-02-20
017.TD.LAV.0022,0,22.0,2024-02-20
017.TD.LAV.0025,0,22.0,2024-02-20
017.TD.PRO.001.150,0,0.1666,2024-02-20
017.TD.SIM.001.1604D,0,19.47,2024-02-20
017.TD.SIM.001.1604S,0,19.47,2024-02-20
017.TD.SIM.001.160DX,0,11.8,2024-02-20
017.TD.SIM.001.160SX,0,11.8,2024-02-20
017.TD.SIM.003,0,10.02,2024-02-20
017.TD.TAP.001.GR,0,0.0128,2024-02-20
017.TD.TAP.001.NR,0,0.0138,2024-02-20
017.TD.TAP.002.GR,0,0.0109,2024-02-20
017.TD.TAP.002.NR,0,0.0113,2024-02-20
017.TD.TER.001,0,38.24,2024-02-20
017.TD.TER.002,0,16.16,2024-02-20
017.TD.TER.003.42,0,0.35301,2024-02-20
017.TD.VER.001,0,4.0,2024-02-21
017.TD.VER.001FT,0,4.0,2024-02-21
017.TD.VER.002,0,6.0,2024-02-21
017.TD.VER.002FT,0,6.0,2024-02-21
017.TD.VER.003,0,8.0,2024-02-21
017.TD.VER.003FT,0,8.0,2024-02-21
017.TD.VIT.001.12,0,0.0107,2024-02-20
017.TD.VIT.001.50,0,0.0362,2024-02-20
017.TD.VIT.002.70,0,0.092,2024-02-20
017.TD.VIT.003.10,0,0.0069,2024-02-20
017.TD.VIT.005.20,0,0.017,2024-02-20
017.TD.VIT.006.10,0,0.0195,2024-02-20
017.TD.VIT.007.30,0,0.0148,2024-02-20
017.TD.VIT.008.52,0,0.3255,2024-02-20
017.TD.VIT.008.65,0,0.3595,2024-02-20
017.TD.VIT.009.5,0,0.0119,2024-02-20
017.TD.VIT.010.10,0,0.0864,2024-02-20
017.TD.VIT.010.50,0,0.0492,2024-02-20
017.TD.VIT.011.4,0,0.06,2024-02-20
017.TD.VIT.012.10,0,0.0406,2024-02-20
017.TD.VIT.013.4,0,0.0048,2024-02-20
017.TD.VIT.013.4R,0,0.0021,2024-02-20
017.TD.VIT.014.5,0,0.0156,2024-02-20
017.TD.VIT.015.5,0,0.0029,2024-02-20
017.TD.VIT.016.45,0,0.0189,2024-02-20
017.TD.VIT.016.50,0,0.0465,2024-02-20
017.TD.VIT.017,0,0.0053,2024-02-20
017.TD.VIT.018.6,0,0.006,2024-02-20
017.TD.VIT.019,0,0.0108,2024-02-20
017.TD.VIT.020.12,0,0.0189,2024-02-20
017.TD.VIT.021.20,0,0.0072,2024-02-20
017.TD.VIT.022.60,0,0.1003,2024-02-20
027.101TEL.H,0,70.0,2020-09-30
027.101TEL,0,60.0,2020-09-30
027.103TEL.01,0,70.0,2020-09-30
027.103TEL.H.01,0,70.0,2020-09-30
027.103TEL.H,0,35.0,2020-09-30
027.103TEL,0,30.0,2020-09-30
027.104TEL,0,60.0,2020-09-30
028.007H81,0,0.07099,2022-04-08
028.220,0,500.0,2012-07-16
028.313ACGR,0,0.225,2016-09-09
028.611ACGR,0,0.3,2022-03-09
028.A11AVDX,1,23.7952,2022-04-19
028.A11AVDX,0,35.0,2023-08-28
028.A11AVSX,1,23.7952,2022-04-19
028.A11AVSX,0,35.0,2023-08-28
028.A12AVDX,1,47.5904,2022-04-19
028.A12AVDX,0,60.0,2023-08-28
028.A12AVSX,1,47.5904,2022-04-19
028.A12AVSX,0,60.0,2023-08-28
028.KACC019,0,4.51,2023-08-29
028.KACC021,0,1.51101,2023-08-29
028.KACC025,0,7.75,2021-05-11
033.GUAR_TEC.001,0,17.384,2017-09-20
039.A44L01.81.00.00N,0,96.0,2024-02-20
039.A44L02.51.00.00N,0,96.0,2024-02-20
039.A44L02.81.00.00N,0,96.0,2024-02-20
039.A44L04.51.00.00N,0,96.0,2024-02-20
039.A44L05.51.00.00N,0,96.0,2024-02-20
039.A44R02.51.00.00N,0,96.0,2024-02-20
039.A44R04.51.00.00N,0,96.0,2024-02-20
039.A44R05.51.00.00N,0,96.0,2024-02-20
039.A58L05.51.30.35N,0,110.0,2024-02-20
039.A58R05.51.30.35N,0,110.0,2024-02-20
045.OB.P1O,0,86.0,2023-08-28
045.OB.P1O,0,78.0,2022-04-01
045.OB.P1T,0,70.0,2024-02-06
045.OB.P1T,0,68.0,2022-04-01
045.OB.P2O,0,99.0,2024-02-06
045.OB.P2O,0,90.0,2022-04-01
045.OB.P2T,0,75.0,2024-02-06
045.OB.P2T,0,78.0,2022-04-01
045.OB.P3O,0,110.0,2024-02-06
045.OB.P3T,0,90.0,2024-02-06
045.OB.V1O,0,153.0,2023-08-28
045.OB.V1O,0,139.0,2022-04-01
045.OB.V1T,0,124.0,2023-08-28
045.OB.V1T,0,113.0,2022-04-01
045.OB.V2O,0,164.0,2023-08-28
045.OB.V2O,0,149.0,2022-04-01
045.OB.V2T,0,130.0,2023-08-28
045.OB.V2T,0,118.0,2022-04-01
045.OB.V3O,0,173.0,2023-08-28
045.OB.V3O,0,157.0,2022-04-01
045.OB.V3T,0,136.0,2023-08-28
045.OB.V3T,0,124.0,2022-04-01
045.OB.V4O,0,164.0,2023-08-28
045.OB.V4T,0,130.0,2023-08-28
045.OB.V5O,0,173.0,2023-08-28
045.OB.V5T,0,136.0,2023-08-28
052.ACC.BADGE.01,0,139.0,2023-09-27
052.ACC.GHI.1000,0,8.9,2020-11-20
052.ACC.GHI.1000,0,8.9,2020-11-20
052.ACC.GHI.1100,0,9.2,2020-11-20
052.ACC.GHI.1100,0,9.2,2020-11-20
052.ACC.GHI.1200,0,9.5,2020-11-20
052.ACC.GHI.1200,0,9.5,2020-11-20
052.ACC.GHI.400,0,7.295,2020-11-19
052.ACC.GHI.400,0,7.295,2020-11-19
052.ACC.GHI.500,0,7.5,2020-11-19
052.ACC.GHI.500,0,7.5,2020-11-19
052.ACC.GHI.600,0,7.7,2020-11-19
052.ACC.GHI.600,0,7.7,2020-11-19
052.ACC.GHI.700,0,8.03275,2020-11-19
052.ACC.GHI.700,0,8.03275,2020-11-19
052.ACC.GHI.800,0,8.19675,2020-11-19
052.ACC.GHI.800,0,8.19675,2020-11-19
052.ACC.GHI.900,0,5.6,2022-06-01
052.ACC.GHI.900,0,8.6065,2020-11-19
052.ACC.MOB.001,0,6.6,2020-11-20
052.ACC.MOB.001,0,6.6,2020-11-20
052.ACC.MOB.002,0,14.0,2020-11-20
052.ACC.MOB.002,0,14.0,2020-11-20
052.ACC.MOB.003,0,8.76,2020-11-20
052.ACC.MOB.003,0,8.76,2020-11-20
052.ACC.PAN.001,0,79.0,2020-11-16
052.ACC.PAN.001,0,79.0,2020-11-16
052.ACC.PAN.002,0,91.0,2020-11-16
052.ACC.PAN.002,0,91.0,2020-11-16
052.ACC.PAN.003,0,300.0,2020-11-16
052.ACC.PAN.003,0,300.0,2020-11-16
052.ACC.PBX.001,0,60.0,2023-01-18
052.ACC.POR.001.DOR,0,54.95,2020-11-16
052.ACC.POR.001.DOR,0,54.95,2020-11-16
052.ACC.POR.001.MER,0,9.19,2020-11-17
052.ACC.POR.001.MER,0,9.19,2020-11-17
052.ACC.POR.001.TEC,0,373.68,2020-10-28
052.ACC.POR.001.TEC,0,373.68,2020-10-28
052.ACC.POR.001.YDG,0,250.0,2023-10-04
052.ACC.POR.001.YDG,0,213.4,2020-11-16
052.ACC.POR.001,0,35.0,2022-07-04
052.ACC.POR.001,0,80.0,2020-11-17
052.ACC.POR.002.DOR,0,13.9,2020-11-17
052.ACC.POR.002.DOR,0,13.9,2020-11-17
052.ACC.POR.002.MER,0,31.0,2022-11-30
052.ACC.POR.002.MER,0,23.95,2020-11-17
052.ACC.POR.002.TEC,0,670.68,2020-10-28
052.ACC.POR.002.TEC,0,670.68,2020-10-28
052.ACC.POR.002.YDG,0,298.76,2020-10-29
052.ACC.POR.002.YDG,0,298.76,2020-10-29
052.ACC.POR.003.DOR,0,13.9,2020-11-17
052.ACC.POR.003.DOR,0,13.9,2020-11-17
052.ACC.POR.003.MER,0,17.0,2020-11-17
052.ACC.POR.003.MER,0,17.0,2020-11-17
052.ACC.POR.003.TEC,0,1144.62,2020-10-28
052.ACC.POR.003.TEC,0,1144.62,2020-10-28
052.ACC.POR.003.YDG,0,431.65,2020-10-29
052.ACC.POR.003.YDG,0,431.65,2020-10-29
052.ACC.POR.003,0,8.4,2020-11-17
052.ACC.POR.003,0,8.4,2020-11-17
052.ACC.POR.004.MER,0,20.68,2020-11-17
052.ACC.POR.004.MER,0,20.68,2020-11-17
052.ACC.POR.004.TEC,0,52.38,2020-10-28
052.ACC.POR.004.TEC,0,52.38,2020-10-28
052.ACC.POR.004.YDG,0,370.0,2023-10-04
052.ACC.POR.004.YDG,0,354.05,2020-10-29
052.ACC.POR.004,0,119.13,2020-11-17
052.ACC.POR.004,0,119.13,2020-11-17
052.ACC.POR.005.YDG,0,61.75,2020-10-29
052.ACC.POR.005.YDG,0,61.75,2020-10-29
052.ACC.POR.005,0,30.33,2020-11-17
052.ACC.POR.005,0,30.33,2020-11-17
052.ACC.POR.006.YDG,0,15.0,2020-10-29
052.ACC.POR.006.YDG,0,15.0,2020-10-29
052.ACC.POR.006,0,132.19,2020-11-20
052.ACC.POR.006,0,132.19,2020-11-20
052.ACC.POR.007.YDG,0,22.8,2020-10-29
052.ACC.POR.007.YDG,0,22.8,2020-10-29
052.ACC.POR.007,0,113.96,2020-11-17
052.ACC.POR.007,0,113.96,2020-11-17
052.ACC.POR.008.YDG,0,24.0,2020-10-30
052.ACC.POR.008.YDG,0,24.0,2020-10-30
052.ACC.POR.008,0,1379.92,2020-10-29
052.ACC.POR.008,0,1379.92,2020-10-29
052.ACC.POR.009,0,2162.37,2020-12-04
052.ACC.POR.009,0,2162.37,2020-12-04
052.ACC.POR.010,0,1718.5,2020-10-29
052.ACC.POR.010,0,1718.5,2020-10-29
052.ACC.POR.011,0,1450.65,2020-10-29
052.ACC.POR.011,0,1450.65,2020-10-29
052.ACC.POR.012,0,522.5,2022-02-11
052.ACC.POR.013,0,14.0,2022-02-11
052.ACC.POR.014,0,240.0,2023-02-03
052.ACC.POR.015,0,2500.0,2023-02-03
052.ACC.POR.016.ATX,0,1290.0,2023-10-10
052.ACC.POR.017,0,95.0,2023-10-05
052.ACC.POR.018.ATX,0,1750.0,2023-10-10
052.ACC.POR.019.ATX,0,690.0,2023-10-10
052.ACC.POR.020.ATX,0,1370.0,2023-10-10
052.ACC.SPECC.01,0,22.0,2020-11-12
052.ACC.SPECC.01,0,22.0,2020-11-12
052.ACC.SPECC.02,0,27.0,2020-10-30
052.ACC.SPECC.02,0,27.0,2020-10-30
052.ACC.SPECC.03,0,30.0,2020-10-30
052.ACC.SPECC.03,0,30.0,2020-10-30
052.MP.002,0,1.1742,2023-08-28
052.MP.002,0,3.16406,2020-10-15
052.MP.004,0,1.5998,2023-08-28
052.MP.004,0,1.302,2020-10-28
052.MP.005,0,1.80386,2023-08-28
052.MP.005,0,1.422,2020-10-28
052.MP.006,0,5.00726,2023-08-28
052.MP.006,0,3.909,2020-10-28
052.MP.007,0,1.8297,2023-08-28
052.MP.007,0,1.467,2020-10-28
052.MP.008,0,0.779,2023-08-28
052.MP.008,0,0.615,2020-10-28
052.MP.021,0,4.3814,2023-08-28
052.MP.021,0,3.459,2020-10-28
052.MP.022,0,0.7524,2023-08-28
052.MP.022,0,0.594,2020-11-09
052.MP.023,0,6.0914,2023-08-28
052.MP.023,0,4.809,2020-10-28
052.MP.024,0,4.332,2023-08-28
052.MP.024,0,3.408,2020-10-28
052.MP.025,0,1.4478,2023-08-28
052.MP.025,0,1.122,2020-10-28
052.MP.026,0,2.34384,2023-08-28
052.MP.026,0,1.842,2020-10-28
052.MP.027,0,2.21236,2023-08-28
052.MP.027,0,1.686,2020-10-28
052.MP.028,0,5.8558,2023-08-28
052.MP.028,0,4.623,2020-11-06
052.MP.030,0,2.85,2023-08-28
052.MP.030,0,2.25,2020-10-28
052.MP.031,0,3.0134,2023-08-28
052.MP.031,0,2.406,2020-10-28
052.MP.032,0,2.8576,2023-08-28
052.MP.032,0,2.256,2020-10-28
052.MP.033,0,9.9332,2023-08-28
052.MP.033,0,7.968,2020-10-28
052.MP.035,0,2.58,2020-10-19
052.MP.035,0,2.58,2020-10-19
052.MP.036,0,0.78,2020-10-19
052.MP.036,0,0.78,2020-10-19
052.MP.037,0,0.94,2020-10-19
052.MP.037,0,0.94,2020-10-19
052.MP.038,0,1.56,2020-10-19
052.MP.038,0,1.56,2020-10-19
052.MP.041,0,1.76,2023-04-19
052.MP.041,0,1.366,2020-10-19
052.MP.042,0,2.532,2023-04-19
052.MP.042,0,1.973,2020-10-19
052.MP.043,0,1.198,2023-04-19
052.MP.043,0,1.009,2020-10-19
052.MP.055,0,3.21936,2023-08-28
052.MP.055,0,2.526,2020-10-28
052.MP.060,0,6.6082,2023-08-28
052.MP.060,0,5.217,2020-10-28
052.MP.061,0,4.5638,2023-08-28
052.MP.061,0,3.603,2020-10-28
052.MP.065,0,7.0452,2023-08-28
052.MP.065,0,5.562,2020-10-28
052.MP.066,0,6.6158,2023-08-28
052.MP.066,0,5.223,2019-10-23
052.MP.067,0,5.1794,2023-08-28
052.MP.067,0,4.089,2019-10-23
052.MP.068,0,6.631,2023-08-28
052.MP.068,0,5.235,2019-10-23
052.MP.071,0,4.605,2019-10-23
052.MP.072,0,3.081,2019-10-23
052.MP.080,0,1.56,2019-10-23
052.MP.081,0,0.5634,2019-10-23
052.MP.084,0,0.8436,2023-08-28
052.MP.084,0,0.666,2019-10-23
052.MP.086,0,3.513,2019-10-23
052.MP.088,0,1.3072,2023-08-28
052.MP.088,0,1.032,2019-10-23
052.MP.089,0,2.926,2023-08-28
052.MP.089,0,2.31,2019-10-23
052.MP.090,0,6.2016,2023-08-28
052.MP.090,0,4.896,2019-10-23
052.MP.091,0,5.7532,2023-08-28
052.MP.091,0,4.542,2019-10-23
052.MP.092,0,3.8456,2023-08-28
052.MP.092,0,3.036,2019-10-23
052.MP.11492,0,3.4048,2023-08-28
052.MP.11492,0,2.688,2020-11-10
052.MP.11493,0,5.7266,2023-08-28
052.MP.11493,0,4.521,2020-11-17
052.MP.11494,0,3.8684,2023-08-28
052.MP.11494,0,3.054,2020-11-17
052.MP.11495,0,3.5606,2023-08-28
052.MP.11495,0,2.811,2020-11-17
052.MP.11496,0,4.5334,2023-08-28
052.MP.11496,0,3.579,2020-11-17
052.MP.11497,0,2.7094,2023-08-28
052.MP.11497,0,2.139,2020-11-17
052.MP.11498,0,1.6226,2023-08-28
052.MP.11498,0,1.281,2020-11-17
052.MP.11514,0,3.7848,2023-08-28
052.MP.11514,0,2.988,2020-11-17
052.MP.936,0,3.2718,2023-08-28
052.MP.936,0,2.583,2019-10-23
052.MP.937,0,1.6264,2023-08-28
052.MP.937,0,1.284,2019-10-23
052.MP.938,0,2.2306,2023-08-28
052.MP.938,0,1.761,2019-10-23
052.MP.ABS.1,1,0.2714,2020-11-16
052.MP.ABS.1,1,0.2714,2020-11-16
052.MP.ALV20.37,0,16.83,2023-09-20
052.MP.ALV20.37,0,17.5,2020-12-17
052.MP.ALV20.43,0,19.03,2023-09-20
052.MP.ALV20.43,0,20.0,2020-12-17
052.MP.ALV20.54,0,23.02,2023-09-20
052.MP.ALV20.54,0,25.3,2020-12-17
052.MP.ALV20.60,0,25.22,2023-09-20
052.MP.ALV20.60,0,25.3,2020-12-17
052.MP.BASE.02,0,0.48,2020-10-19
052.MP.BASE.02,0,0.48,2020-10-19
052.MP.CAL.01,0,3.696,2020-11-27
052.MP.CAL.01,0,3.696,2020-11-27
052.MP.CAS.503,0,1.05753,2020-10-19
052.MP.CAS.503,0,1.05753,2020-10-19
052.MP.CAS.504,0,1.23,2020-10-19
052.MP.CAS.504,0,1.23,2020-10-19
052.MP.CAS.506,0,1.62,2020-12-16
052.MP.CAS.506,0,1.62,2020-12-16
052.MP.CAT.01,0,2.1488,2020-10-19
052.MP.CAT.01,0,2.1488,2020-10-19
052.MP.CAT.02,0,3.1968,2020-10-19
052.MP.CAT.02,0,3.1968,2020-10-19
052.MP.CAT.03,0,2.465,2024-03-01
052.MP.CAVPUL.01,0,2.55,2021-06-01
052.MP.CAVSEM.01,0,10.77333,2020-10-19
052.MP.CAVSEM.01,0,10.77333,2020-10-19
052.MP.CAVSEM.02,0,10.73,2020-10-29
052.MP.CAVSEM.02,0,10.73,2020-10-29
052.MP.CAVSEM.03,0,7.5,2023-09-22
052.MP.CAVSEM.03,0,8.45,2020-11-16
052.MP.CAVSEN.01,0,11.799,2023-09-22
052.MP.CAVSEN.01,0,10.77304,2020-10-29
052.MP.CAVSER.01,0,11.8,2023-09-22
052.MP.CAVSER.01,0,10.77304,2020-10-19
052.MP.CEAN.01,0,15.675,2020-10-19
052.MP.CEAN.01,0,15.675,2020-10-19
052.MP.CEDO.01,0,10.5,2020-10-19
052.MP.CEDO.01,0,10.5,2020-10-19
052.MP.CEDO.02,0,7.387,2022-12-06
052.MP.CEDO.02,0,6.8,2020-10-19
052.MP.CEDO.03,0,10.5,2020-10-19
052.MP.CEDO.03,0,10.5,2020-10-19
052.MP.CEFA.01,0,2.058,2023-11-29
052.MP.CEFA.02,0,4.655,2023-11-29
052.MP.CEFA.03,0,11.41,2023-11-29
052.MP.CEFA.04,0,11.41,2023-11-29
052.MP.CEN.01,0,394.44,2020-10-19
052.MP.CEN.01,0,394.44,2020-10-19
052.MP.CERN.02,0,1.284,2020-10-19
052.MP.CERN.02,0,1.284,2020-10-19
052.MP.CHDA,0,22.0,2020-10-19
052.MP.CHDA,0,22.0,2020-10-19
052.MP.CHES,0,54.95,2023-04-19
052.MP.CHES,0,43.0,2020-10-19
052.MP.CHIN,0,152.94,2023-04-19
052.MP.CHIN,0,108.0,2020-10-19
052.MP.CHSL.DX,0,17.0,2020-10-19
052.MP.CHSL.DX,0,17.0,2020-10-19
052.MP.CHSL.SX,0,17.0,2020-10-19
052.MP.CHSL.SX,0,17.0,2020-10-19
052.MP.CHSX.01,0,109.0368,2020-10-19
052.MP.CL5105,0,8.45,2021-06-25
052.MP.CL7499,0,4.7652,2023-08-28
052.MP.CL7499,0,3.762,2020-11-11
052.MP.CNT.01,0,275.0,2023-10-04
052.MP.CNT.02,0,130.0,2023-10-04
052.MP.COL.01,0,9.49,2023-08-29
052.MP.COL.01,0,3.74306,2020-10-19
052.MP.COL.02,0,3.33,2022-12-09
052.MP.COL.02,0,5.0,2020-10-19
052.MP.COL.03,0,7.18,2022-12-09
052.MP.COL.03,0,8.4,2020-10-19
052.MP.COL.04,0,3.56,2022-12-07
052.MP.COL.04,0,3.28,2020-11-27
052.MP.COL.05,0,7.68,2022-12-07
052.MP.COL.05,0,3.28,2020-11-27
052.MP.COL.06,0,6.66,2022-12-09
052.MP.COL.06,0,4.2,2020-10-19
052.MP.COL.07,0,43.98,2023-09-11
052.MP.CTGE,0,6.9,2022-04-01
052.MP.CTGE,0,4.8,2020-10-19
052.MP.CTS.01,0,0.022,2020-10-19
052.MP.CTS.01,0,0.022,2020-10-19
052.MP.CTS.02,0,0.02,2020-10-19
052.MP.CTS.02,0,0.02,2020-10-19
052.MP.CTS.03,0,0.02727,2020-10-19
052.MP.CTS.03,0,0.02727,2020-10-19
052.MP.CTS.04,0,0.0224,2023-01-26
052.MP.CTS.04,0,0.0128,2020-11-27
052.MP.CTS.05,0,0.0082,2020-10-19
052.MP.CTS.05,0,0.0082,2020-10-19
052.MP.CTS.06.2,0,1.54,2020-10-19
052.MP.CTS.06.2,0,1.54,2020-10-19
052.MP.CTS.06.3,0,2.21,2020-10-19
052.MP.CTS.06.3,0,2.21,2020-10-19
052.MP.CTS.06,0,1.2,2021-05-11
052.MP.CTS.06,0,3.5,2020-11-27
052.MP.CTS.07,0,1.55,2020-10-19
052.MP.CTS.07,0,1.55,2020-10-19
052.MP.CTS.08,0,0.0615,2020-10-19
052.MP.CTS.08,0,0.0615,2020-10-19
052.MP.CTS.09,0,6.0,2022-12-06
052.MP.CTS.09,0,4.5,2020-10-19
052.MP.CTS.10,0,0.27,2020-10-19
052.MP.CTS.10,0,0.27,2020-10-19
052.MP.CTS.11,0,0.3371,2020-10-19
052.MP.CTS.11,0,0.3371,2020-10-19
052.MP.CTS.12,0,1.12,2022-12-06
052.MP.CTS.12,0,1.1205,2020-10-19
052.MP.CTS.13,0,0.117,2020-10-19
052.MP.CTS.13,0,0.117,2020-10-19
052.MP.CTS.14,0,0.095,2020-10-19
052.MP.CTS.14,0,0.095,2020-10-19
052.MP.CTS.15,0,0.1456,2020-10-19
052.MP.CTS.15,0,0.1456,2020-10-19
052.MP.CTS.16,0,0.048,2020-10-19
052.MP.CTS.16,0,0.048,2020-10-19
052.MP.CTS.17,0,0.041,2022-08-03
052.MP.CTS.17,0,0.0205,2020-10-19
052.MP.CTS.18,0,0.068,2020-10-19
052.MP.CTS.18,0,0.068,2020-10-19
052.MP.CTS.19,0,8.36633,2020-10-19
052.MP.CTS.19,0,8.36633,2020-10-19
052.MP.CTS.20,0,1.6184,2020-10-19
052.MP.CTS.20,0,1.6184,2020-10-19
052.MP.CTS.21,0,2.3058,2020-10-19
052.MP.CTS.21,0,2.3058,2020-10-19
052.MP.CTS.22,0,1.5,2020-10-19
052.MP.CTS.22,0,1.5,2020-10-19
052.MP.CTS.23,0,0.89,2020-10-19
052.MP.CTS.23,0,0.89,2020-10-19
052.MP.CTS.24,0,1.43,2020-10-19
052.MP.CTS.24,0,1.43,2020-10-19
052.MP.CTS.25,0,0.02,2023-01-26
052.MP.CTS.26,0,0.15,2023-02-03
052.MP.CTS.ALU,0,38.0,2023-01-25
052.MP.CTS.ALU,0,37.375,2020-10-19
052.MP.CTS.HPL,1,30.0,2023-10-17
052.MP.CTS.HPL,1,21.97677,2020-10-19
052.MP.CTS.HPL,2,30.0,2023-10-17
052.MP.CTS.HPL,2,21.97678,2020-11-13
052.MP.CTS.HPL,3,30.0,2023-10-17
052.MP.CTS.HPL,3,21.97678,2020-11-13
052.MP.CTS.HPL,0,21.97677,2020-10-19
052.MP.CTS.PVC,0,20.0,2022-12-07
052.MP.CTS.PVC,0,16.14969,2020-10-19
052.MP.CTS.SPS.001,0,7.65,2021-02-17
052.MP.CTS.SPS.001,0,10.5,2020-11-20
052.MP.CTS.SPS.002,0,3.9,2023-01-26
052.MP.CTS.SPS.002,0,3.4,2020-10-28
052.MP.CTS.SPS.003,0,4.9,2023-05-03
052.MP.CTS.SPS.003,0,4.3,2020-10-28
052.MP.CTS.SPS.004,0,1.55,2023-05-03
052.MP.CTS.SPS.004,0,1.45,2020-10-28
052.MP.CTS.SPS.005,0,1.45,2020-10-28
052.MP.CTS.SPS.005,0,1.45,2020-10-28
052.MP.CTS.SPS.006,0,1.45,2020-10-28
052.MP.CTS.SPS.006,0,1.45,2020-10-28
052.MP.CTS.SPS.007,0,0.9,2023-05-03
052.MP.CTS.SPS.007,0,0.75,2020-10-28
052.MP.CTS.SPS.008,0,1.55,2023-01-26
052.MP.CTS.SPS.008,0,1.45,2020-11-20
052.MP.CTS.SPS.009,0,1.55,2023-01-26
052.MP.CTS.SPS.009,0,1.45,2020-11-20
052.MP.CTS.SPS.010,0,1.55,2023-01-26
052.MP.CTS.SPS.010,0,1.45,2020-11-20
052.MP.GHIG.01,0,8.03275,2020-10-19
052.MP.GUA.01,0,0.257,2020-10-19
052.MP.GUA.01,0,0.257,2020-10-19
052.MP.GUA.02,0,0.5009,2020-10-19
052.MP.GUA.02,0,0.5009,2020-10-19
052.MP.GUA.03,0,0.375,2022-12-09
052.MP.HPL.1,1,6.0,2022-04-01
052.MP.HPL.1,1,8.34751,2020-11-16
052.MP.HPL.1,2,6.0,2022-04-01
052.MP.HPL.1,2,8.34751,2020-11-16
052.MP.HPL.1,3,6.0,2022-04-01
052.MP.HPL.1,3,8.34751,2020-11-16
052.MP.HPL.1,4,6.0,2022-04-01
052.MP.HPL.1,4,8.34751,2020-11-16
052.MP.HPL.1,0,8.34751,2020-10-19
052.MP.HPL.4,2,14.2,2023-04-19
052.MP.HPL.4,2,15.04104,2020-11-13
052.MP.HPL.4,3,14.2,2023-04-19
052.MP.HPL.4,3,15.041,2020-11-27
052.MP.HPL.4,0,15.041,2020-11-27
052.MP.INC.01,0,198.0,2020-10-28
052.MP.INC.01,0,198.0,2020-10-28
052.MP.LA.AL.10,1,4.9,2023-08-28
052.MP.LA.AL.10,1,3.8,2020-10-19
052.MP.LA.AL.10,2,7.1,2023-08-28
052.MP.LA.AL.10,2,5.0,2020-10-28
052.MP.LA.IN.08,0,3.0,2023-08-28
052.MP.LA.IN.08,0,2.9,2020-10-19
052.MP.LA.IN.10,0,3.0,2023-08-28
052.MP.LA.IN.10,0,2.9,2020-10-19
052.MP.LA.IN.15,0,3.0,2023-08-28
052.MP.LA.IN.20,0,3.0,2023-08-28
052.MP.LA.IN.30,0,3.0,2023-08-28
052.MP.LA.PE.08,2,11.5,2023-04-20
052.MP.LA.PE.08,0,11.5,2023-08-28
052.MP.LA.PL.08,1,13.65,2023-08-28
052.MP.LA.PL.08,1,9.0,2020-10-28
052.MP.LA.PL.08,0,9.0,2020-10-28
052.MP.LA.PL.12,0,20.18,2023-08-28
052.MP.LA.PR.06,1,1.3,2023-08-28
052.MP.LA.PR.06,2,1.3,2023-08-29
052.MP.LA.PR.08,1,1.3,2023-08-28
052.MP.LA.PR.08,1,1.1,2020-10-28
052.MP.LAMUV.01,0,11.065,2020-10-19
052.MP.LAMUV.01,0,11.065,2020-10-19
052.MP.LAN100.100,0,16.7,2020-10-19
052.MP.LAN100.37,0,10.3,2023-09-20
052.MP.LAN100.37,0,5.37,2020-12-17
052.MP.LAN100.43,0,11.35,2023-09-20
052.MP.LAN100.43,0,6.24,2020-12-17
052.MP.LAN100.54,0,14.0,2023-09-20
052.MP.LAN100.54,0,7.83,2020-12-17
052.MP.LAN100.60,0,14.85,2023-09-20
052.MP.LAN100.60,0,6.80001,2021-01-19
052.MP.MAA.01,0,85.905,2023-12-20
052.MP.MAA.01,0,80.529,2020-10-19
052.MP.MAA.02,0,98.6875,2023-12-20
052.MP.MAN.01,0,8.7438,2020-10-19
052.MP.MAN.01,0,8.7438,2020-10-19
052.MP.MAS.01,0,7.875,2020-10-19
052.MP.MAS.01,0,7.875,2020-10-19
052.MP.MAS.02,0,7.875,2021-03-26
052.MP.MAS.02,0,15.75,2020-11-20
052.MP.MAS.03,0,10.5,2021-03-26
052.MP.MAS.03,0,21.0,2020-11-20
052.MP.MDF,0,6.5,2022-04-01
052.MP.MDF,0,4.47966,2020-10-19
052.MP.MEC.01,0,95.0,2023-09-22
052.MP.MEC.01,0,86.18381,2020-10-19
052.MP.MEC.02,0,72.5,2023-10-04
052.MP.MEC.02,0,70.38,2020-10-29
052.MP.MOB.001,0,3.02,2020-10-28
052.MP.MOB.001,0,3.02,2020-10-28
052.MP.MOB.002,0,1.6203,2020-10-19
052.MP.MOB.002,0,1.6203,2020-10-19
052.MP.MOB.003,0,0.49,2020-10-28
052.MP.MOB.003,0,0.49,2020-10-28
052.MP.MOB.004,0,0.2,2020-11-17
052.MP.MOB.004,0,0.2,2020-11-17
052.MP.MOB.005,0,0.85,2020-11-19
052.MP.MOB.005,0,0.85,2020-11-19
052.MP.MOB.006,0,0.6,2020-11-17
052.MP.MOB.006,0,0.6,2020-11-17
052.MP.MOB.007,0,2.375,2020-10-28
052.MP.MOB.007,0,2.375,2020-10-28
052.MP.MOB.008,0,0.07,2020-11-16
052.MP.MOB.008,0,0.07,2020-11-16
052.MP.MOB.009,0,1.705,2022-11-30
052.MP.MOB.009,0,1.7051,2020-10-28
052.MP.MOB.01,0,3.02,2020-11-27
052.MP.MOB.010,0,0.54875,2022-12-06
052.MP.MOB.010,0,0.5487,2020-10-28
052.MP.MOB.011,0,0.10688,2020-10-28
052.MP.MOB.011,0,0.10688,2020-10-28
052.MP.MOB.012,0,0.04559,2020-10-28
052.MP.MOB.012,0,0.04559,2020-10-28
052.MP.MOB.013,0,0.04995,2020-10-28
052.MP.MOB.013,0,0.04995,2020-10-28
052.MP.MOB.014,0,0.0302,2020-10-28
052.MP.MOB.014,0,0.0302,2020-10-28
052.MP.MOB.015,0,2.66,2024-01-16
052.MP.PES35.37,0,7.622,2022-12-07
052.MP.PES35.37,0,3.7,2020-12-17
052.MP.PES35.43,0,8.858,2022-12-07
052.MP.PES35.43,0,4.3,2020-12-17
052.MP.PES35.54,0,11.124,2022-12-07
052.MP.PES35.54,0,5.4,2020-12-17
052.MP.PES35.60,0,12.36,2022-12-07
052.MP.PES35.60,0,6.0,2020-12-17
052.MP.PLAFUV.01,0,19.31,2020-10-28
052.MP.PLAFUV.01,0,19.31,2020-10-28
052.MP.POH.SA,0,6.6,2020-10-28
052.MP.POH.SA,0,6.6,2020-10-28
052.MP.POL35.37,0,9.176,2022-04-01
052.MP.POL35.37,0,9.0,2020-11-26
052.MP.POL35.43,0,10.664,2022-04-01
052.MP.POL35.43,0,11.6,2020-12-02
052.MP.POL35.54,0,12.312,2022-04-01
052.MP.POL35.54,0,12.5,2020-10-28
052.MP.POL35.60,0,13.68,2022-04-01
052.MP.POL35.60,0,12.50534,2020-10-28
052.MP.POM.01,0,28.0,2020-10-28
052.MP.POM.01,0,28.0,2020-10-28
052.MP.POM.02,0,23.95267,2020-10-28
052.MP.POM.02,0,23.95267,2020-10-28
052.MP.POM.03,0,9.185,2020-10-28
052.MP.POM.03,0,9.185,2020-10-28
052.MP.POM.04,0,15.2316,2020-11-20
052.MP.POM.04,0,15.2316,2020-11-20
052.MP.PON.01,0,6.48,2020-11-20
052.MP.PON.01,0,6.48,2020-11-20
052.MP.PON.02,0,5.14,2020-10-29
052.MP.PON.02,0,5.14,2020-10-29
052.MP.POR.01,0,42.0,2023-10-05
052.MP.POR.02,0,121.0,2023-02-16
052.MP.POR.03,0,58.0,2023-02-16
052.MP.POR.04,0,20.0,2023-02-16
052.MP.PUL.01,0,53.46,2021-06-01
052.MP.PUL.02,0,146.5,2023-02-16
052.MP.SEM.01,0,55.915,2020-10-29
052.MP.SEM.01,0,55.915,2020-10-29
052.MP.SEM.02,0,61.56,2023-09-22
052.MP.SEM.02,0,58.86,2020-10-29
052.MP.SEM.03,0,49.875,2020-10-29
052.MP.SEM.03,0,49.875,2020-10-29
052.MP.SEM.04,0,60.0,2023-10-04
052.MP.SEM.04,0,53.35,2020-10-29
052.MP.SEM.05,0,53.35,2020-10-29
052.MP.SEM.05,0,53.35,2020-10-29
052.MP.SEM.06,0,64.6,2020-10-29
052.MP.SEM.06,0,64.6,2020-10-29
052.MP.SEM.07,0,183.0,2023-02-16
052.MP.SEM.08,0,93.0,2023-02-16
052.MP.SEM.09,0,93.0,2023-02-16
052.MP.SEN.01,0,38.988,2023-09-22
052.MP.SEN.01,0,35.3975,2020-11-20
052.MP.SERM.01,0,14.00905,2020-11-20
052.MP.SERM.01,0,14.00905,2020-11-20
052.MP.SERM.02,0,8.08311,2020-11-20
052.MP.SERM.02,0,8.08311,2020-11-20
052.MP.SIL.AL,0,5.9,2020-05-08
052.MP.SIL.AL,0,5.9,2020-05-08
052.MP.SIL.AN,0,8.05,2022-01-26
052.MP.SIL.BI,0,3.08,2023-04-11
052.MP.SIL.BI,0,2.5,2020-11-16
052.MP.SIL.NE,0,2.5,2020-11-16
052.MP.SIL.NE,0,2.5,2020-11-16
052.MP.SIL.TR,0,2.5,2020-11-16
052.MP.SIL.TR,0,2.5,2020-11-16
052.MP.SPE.01,0,0.5,2020-11-20
052.MP.SPE.01,0,0.5,2020-11-20
052.MP.SPS.002.01.45,0,0.5,2021-06-25
052.MP.SPS.002.01,0,0.5,2020-11-25
052.MP.SPS.002.01,0,0.5,2020-11-25
052.MP.SPS.002.45,0,6.56,2023-11-03
052.MP.SPS.002.62,0,5.135,2023-11-03
052.MP.SPS.002,0,17.35,2020-11-20
052.MP.SPS.002,0,17.35,2020-11-20
052.MP.SPS.003.45,0,6.82,2023-11-03
052.MP.SPS.003.62,0,7.916,2023-11-03
052.MP.SPS.003,0,14.5,2020-11-20
052.MP.SPS.003,0,14.5,2020-11-20
052.MP.SPS.004,0,7.92,2020-11-20
052.MP.SPS.004,0,7.92,2020-11-20
052.MP.SPS.005,0,7.92,2020-11-20
052.MP.SPS.005,0,7.92,2020-11-20
052.MP.SPS.006.45,0,13.1,2021-06-25
052.MP.SPS.006,0,13.1,2020-11-20
052.MP.SPS.006,0,13.1,2020-11-20
052.MP.SPS.007.45,0,2.7,2021-06-25
052.MP.SPS.007,0,2.7,2020-11-20
052.MP.SPS.007,0,2.7,2020-11-20
052.MP.SPS.008.45,0,1.2,2021-06-25
052.MP.SPS.008,0,1.2,2020-11-20
052.MP.SPS.008,0,1.2,2020-11-20
052.MP.SPS.009.45,0,4.3,2023-11-03
052.MP.SPS.009.62,0,5.912,2023-11-03
052.MP.SPS.009,0,9.83,2020-11-20
052.MP.SPS.009,0,9.83,2020-11-20
052.MP.SPS.010.1.45,0,1.0,2021-06-25
052.MP.SPS.010.1,0,1.0,2020-11-25
052.MP.SPS.010.1,0,1.0,2020-11-25
052.MP.SPS.010.45,0,2.439,2023-11-03
052.MP.SPS.010.62,0,2.091,2023-11-03
052.MP.SPS.010,0,1.05,2020-11-25
052.MP.SPS.010,0,1.05,2020-11-25
052.MP.SPS.011,0,2.45,2020-11-20
052.MP.SPS.011,0,2.45,2020-11-20
052.MP.SPS.012,0,0.17781,2023-01-26
052.MP.SPS.012,0,1.0,2020-11-25
052.MP.SPS.013.45,0,6.2,2023-01-26
052.MP.SPS.013.62,0,6.2,2023-01-26
052.MP.SPS.013,0,2.0,2020-11-25
052.MP.SPS.013,0,2.0,2020-11-25
052.MP.SPS.014.45,0,7.355,2023-11-03
052.MP.SPS.014.62,0,7.279,2023-11-03
052.MP.SPS.014,0,1.0,2020-11-25
052.MP.SPS.014,0,1.0,2020-11-25
052.MP.SPS.015.45,0,2.245,2023-11-03
052.MP.SPS.015.62,0,2.976,2023-11-03
052.MP.SPS.016.45,0,2.23,2023-11-03
052.MP.SPS.016.62,0,2.942,2023-11-03
052.MP.SPS.017.45,0,5.0,2023-01-26
052.MP.SPS.017.62,0,5.0,2023-01-26
052.MP.SPS.018.45,0,37.252,2023-11-03
052.MP.SPS.018.62,0,45.688,2023-11-03
052.MP.SPS.019.45,0,8.856,2023-11-03
052.MP.SPS.019.62,0,11.238,2023-11-03
052.MP.SPS.020.45,0,7.961,2023-11-03
052.MP.SPS.020.62,0,9.602,2023-11-03
052.MP.SPS.021.45,0,7.961,2023-11-03
052.MP.SPS.021.62,0,9.602,2023-11-03
052.MP.SPS.022,0,1.086,2023-11-03
052.MP.SPS.023,0,0.916,2023-11-03
052.MP.SPS.GOM,0,0.14,2023-01-26
052.MP.SPS.GOM,0,0.01,2020-11-20
052.MP.SQA.01,0,0.082,2020-11-04
052.MP.SQA.01,0,0.082,2020-11-04
052.MP.SQM.101,0,0.3501,2020-11-05
052.MP.SQM.101,0,0.3501,2020-11-05
052.MP.SQM.102,0,0.67042,2020-11-10
052.MP.SQM.102,0,0.67042,2020-11-10
052.MP.SQM.103,0,0.3,2023-10-09
052.MP.SQM.356,0,0.41,2020-11-10
052.MP.SQM.356,0,0.41,2020-11-10
052.MP.SQM.432,0,0.328,2020-11-10
052.MP.SQM.432,0,0.328,2020-11-10
052.MP.SQV.01,0,0.1315,2020-11-04
052.MP.SQV.01,0,0.1315,2020-11-04
052.MP.SQV.319,0,0.45,2020-11-10
052.MP.SQV.319,0,0.45,2020-11-10
052.MP.STA.01,0,1.1,2020-11-10
052.MP.STA.01,0,1.1,2020-11-10
052.MP.STA.02,0,1.25,2020-11-10
052.MP.STA.02,0,1.25,2020-11-10
052.MP.STA.03,0,0.14348,2020-11-10
052.MP.STA.03,0,0.14348,2020-11-10
052.MP.TAP.45,0,10.0,2020-11-13
052.MP.TAP.45,0,10.0,2020-11-13
052.MP.TAP.62,0,10.0,2020-11-13
052.MP.TAP.62,0,10.0,2020-11-13
052.MP.TAS.01,0,2.9,2020-11-16
052.MP.TAS.01,0,2.9,2020-11-16
052.MP.TAS.02,0,4.2,2020-11-16
052.MP.TAS.02,0,4.2,2020-11-16
052.MP.TAS.03,0,4.5,2020-11-16
052.MP.TAS.03,0,4.5,2020-11-16
052.MP.TAS.04,0,4.9,2020-11-16
052.MP.TAS.04,0,4.9,2020-11-16
052.MP.TAS.05,0,2.565,2020-11-16
052.MP.TAS.05,0,2.565,2020-11-16
052.MP.TAS.07,0,1.65,2023-09-11
052.MP.TAS.6.38,0,0.0738,2020-11-16
052.MP.TAS.6.38,0,0.0738,2020-11-16
052.MP.TAS.6.50,0,0.07637,2023-02-15
052.MP.TAS.6.60,0,0.07637,2020-11-16
052.MP.TAS.6.60,0,0.07637,2020-11-16
052.MP.TO1020,0,1.32135,2020-11-16
052.MP.TO1020,0,1.32135,2020-11-16
052.MP.TO1021,0,6.3,2021-06-25
052.MP.TUAZ.100.50,0,5.6,2023-11-03
052.MP.TUAZ.120.50,0,6.2,2023-11-03
052.MP.TUF.ATX.04,0,13.5,2023-10-05
052.MP.TUR.25,0,2.82,2022-04-19
052.MP.TUR.25,0,0.94798,2020-11-16
052.MP.TUR.32,0,3.25,2022-04-19
052.MP.TUR.32,0,0.542,2020-11-16
052.MP.VCAL.01,0,2.11,2020-11-16
052.MP.VCAL.01,0,2.11,2020-11-16
052.MP.VIT.01,0,0.02646,2020-11-10
052.MP.VIT.01,0,0.02646,2020-11-10
052.MP.VIT.02,0,0.0077,2020-11-10
052.MP.VIT.02,0,0.0077,2020-11-10
052.MP.VIT.03,0,0.0075,2020-11-10
052.MP.VIT.03,0,0.0075,2020-11-10
052.MP.VIT.04,0,0.066,2020-11-10
052.MP.VIT.04,0,0.066,2020-11-10
052.MP.VIT.05,0,0.0203,2020-11-10
052.MP.VIT.05,0,0.0203,2020-11-10
052.MP.VIT.06,0,0.0894,2020-11-10
052.MP.VIT.06,0,0.0894,2020-11-10
052.MP.VIT.07,0,0.18814,2020-11-10
052.MP.VIT.07,0,0.18814,2020-11-10
052.MP.VIT.08,0,0.0155,2020-11-10
052.MP.VIT.08,0,0.0155,2020-11-10
052.MP.VIT.09,0,0.0383,2020-11-10
052.MP.VIT.09,0,0.0383,2020-11-10
052.MP.VIT.10,0,0.0135,2020-11-20
052.MP.VIT.10,0,0.0135,2020-11-20
052.MP.VIT.11,0,0.8,2020-11-20
052.MP.VIT.11,0,0.8,2020-11-20
052.MP.VIT.12,0,0.2,2020-11-20
052.MP.VIT.12,0,0.2,2020-11-20
052.MP.VIT.13,0,0.03,2021-06-21
052.MP.VIT.13,0,0.03,2020-11-20
052.MP.VIT.14,0,0.05,2020-11-20
052.MP.VIT.14,0,0.05,2020-11-20
052.MP.VIT.15,0,0.04,2023-11-03
052.MP.VIT.16,0,0.02,2022-12-09
052.MP.VIT.17,0,0.02,2021-06-21
052.MP.VIT.18,0,0.72,2022-01-26
052.MP.VIT.19,0,0.85,2022-01-26
052.MP.VIT.21,0,0.02,2022-09-20
052.MP.VIT.22,0,0.045,2023-11-03
052.MP.VIT.23,0,1.5,2022-09-20
052.MP.VIT.24,0,1.3,2022-09-20
052.MP.VT.HPL.TR.45.01,0,145.0,2023-08-28
052.MP.VT.HPL.TR.45.01,0,132.0,2022-04-01
052.MP.VT.HPL.TR.45.02,0,238.0,2023-08-28
052.MP.VT.HPL.TR.45.02,0,216.0,2022-04-01
052.MP.VT.HPL.TR.45.03,0,323.0,2023-08-28
052.MP.VT.HPL.TR.45.03,0,294.0,2022-04-01
052.MP.VT.HPL.TR.62.01,0,150.0,2023-08-28
052.MP.VT.HPL.TR.62.01,0,136.0,2022-04-01
052.MP.VT.HPL.TR.62.02,0,243.0,2023-08-28
052.MP.VT.HPL.TR.62.02,0,221.0,2022-04-01
052.MP.VT.HPL.TR.62.03,0,330.0,2023-08-28
052.MP.VT.HPL.TR.62.03,0,300.0,2022-04-01
052.MP.VT.MET.TR.45.01,0,132.0,2024-03-18
052.MP.VT.MET.TR.45.01,0,126.0,2022-04-01
052.MP.VT.MET.TR.45.02,0,224.0,2023-08-28
052.MP.VT.MET.TR.45.02,0,204.0,2022-04-01
052.MP.VT.MET.TR.45.03,0,310.0,2023-08-28
052.MP.VT.MET.TR.45.03,0,282.0,2022-04-01
052.MP.VT.MET.TR.62.01,0,139.0,2024-03-18
052.MP.VT.MET.TR.62.01,0,120.0,2022-04-01
052.MP.VT.MET.TR.62.02,0,232.0,2023-08-28
052.MP.VT.MET.TR.62.02,0,211.0,2022-04-01
052.MP.VT.MET.TR.62.03,0,317.0,2023-08-28
052.MP.VT.MET.TR.62.03,0,288.0,2022-04-01
052.MP.VT.PBX.TR.45.01,0,66.0,2023-08-28
052.MP.VT.PBX.TR.45.01,0,60.0,2022-04-01
052.MP.VT.PBX.TR.45.02,0,70.0,2023-08-28
052.MP.VT.PBX.TR.45.02,0,64.0,2022-04-01
052.MP.VT.PBX.TR.45.03,0,70.0,2023-08-28
052.MP.VT.PBX.TR.45.03,0,64.0,2022-04-01
052.MP.VT.PBX.TR.62.01,0,66.0,2023-08-28
052.MP.VT.PBX.TR.62.01,0,60.0,2022-04-01
052.MP.VT.PBX.TR.62.02,0,70.0,2023-08-28
052.MP.VT.PBX.TR.62.02,0,64.0,2022-04-01
052.MP.VT.PBX.TR.62.03,0,73.0,2023-08-28
052.MP.VT.PBX.TR.62.03,0,66.0,2022-04-01
052.MP.VT.POR.TR.45.01,0,66.0,2023-08-28
052.MP.VT.POR.TR.45.01,0,60.0,2022-04-01
052.MP.VT.POR.TR.45.02,0,114.0,2023-08-28
052.MP.VT.POR.TR.45.02,0,104.0,2022-04-01
052.MP.VT.POR.TR.45.03,0,130.0,2023-08-28
052.MP.VT.POR.TR.45.03,0,118.0,2022-04-01
052.MP.VT.POR.TR.45.04,0,112.0,2023-08-28
052.MP.VT.POR.TR.45.04,0,102.0,2022-04-01
052.MP.VT.POR.TR.45.05,0,191.0,2023-08-28
052.MP.VT.POR.TR.45.05,0,174.0,2022-04-01
052.MP.VT.POR.TR.45.06,0,219.0,2023-08-28
052.MP.VT.POR.TR.45.06,0,199.0,2022-04-01
052.MP.VT.POR.TR.62.01,0,112.0,2023-08-28
052.MP.VT.POR.TR.62.01,0,102.0,2022-04-01
052.MP.VT.POR.TR.62.02,0,191.0,2023-08-28
052.MP.VT.POR.TR.62.02,0,174.0,2022-04-01
052.MP.VT.POR.TR.62.03,0,219.0,2023-08-28
052.MP.VT.POR.TR.62.03,0,199.0,2022-04-01
052.MP.VT.POR.TR.62.04,0,66.0,2023-08-28
052.MP.VT.POR.TR.62.04,0,60.0,2022-04-01
052.MP.VT.POR.TR.62.05,0,114.0,2023-08-28
052.MP.VT.POR.TR.62.05,0,104.0,2022-04-01
052.MP.VT.POR.TR.62.06,0,130.0,2023-08-28
052.MP.VT.POR.TR.62.06,0,118.0,2022-04-01
062.OB.P1O,0,138.0,2023-08-28
062.OB.P1O,0,125.0,2022-04-01
062.OB.P1T,0,119.0,2023-08-28
062.OB.P1T,0,108.0,2022-04-01
062.OB.P2O,0,144.0,2023-08-28
062.OB.P2O,0,131.0,2022-04-01
062.OB.P2T,0,125.0,2023-08-28
062.OB.P2T,0,114.0,2022-04-01
062.OB.P3O,0,150.0,2024-02-06
062.OB.P3T,0,130.0,2024-02-06
062.OB.V1O,0,217.0,2023-08-28
062.OB.V1O,0,197.0,2022-04-01
062.OB.V1T,0,185.0,2023-08-28
062.OB.V1T,0,168.0,2022-04-01
062.OB.V2O,0,227.0,2023-08-28
062.OB.V2O,0,206.0,2022-04-01
062.OB.V2T,0,191.0,2023-08-28
062.OB.V2T,0,174.0,2022-04-01
062.OB.V3O,0,244.0,2023-08-28
062.OB.V3O,0,222.0,2022-04-01
062.OB.V3T,0,205.0,2023-08-28
062.OB.V3T,0,186.0,2022-04-01
062.OB.V4O,0,227.0,2023-08-28
062.OB.V4T,0,191.0,2023-08-28
062.OB.V5O,0,244.0,2023-08-28
062.OB.V5T,0,205.0,2023-08-28
090.A11B0,0,0.485,2012-05-04
090.ALL06,0,7.102,2023-08-29
090.ALL08,0,5.32,2017-07-11
090.GP033,0,5.6889,2017-02-21
090.GRM6X5,0,0.0225,2023-08-29
090.GTP016CF3,0,6.0,2012-05-04
090.GVP20S,0,6.65,2015-08-27
090.PBT10,0,6.3,2022-02-02
090.PBT12,0,6.75,2022-02-02
090.PBT90.10,0,18.86,2023-05-03
090.PBT90.12,0,22.8961,2023-08-29
090.PBTT.10,0,12.35,2017-03-15
090.PBTT.12,0,15.8393,2022-03-09
090.PM001PL,0,0.37,2019-12-23
090.PM001VE,0,2.91,2019-12-23
090.PM002,0,0.423,2019-02-21
090.PM003,0,0.465,2019-02-21
090.PM004,0,0.0596,2019-02-22
090.PM005,0,0.04,2022-03-09
090.PM006,0,0.3,2023-08-29
090.PVT001,0,8.25,2023-08-29
090.SPS.SYL,0,178.0,2021-05-08
090.SQ001,0,0.164,2018-02-13
090.SQ002,0,0.45,2022-12-09
090.TP002,0,5.824,2013-12-18
090.TP004,0,0.27819,2017-02-21
090.TP006,0,0.37529,2023-05-03
090.TP008,0,1.268,2013-12-18
090.TP008AN,0,0.0,2013-12-18
090.TP015AN,0,3.308,2013-05-02
090.TP102B,0,8.84,2013-12-18
090.TP102BAN,0,0.0,2013-12-18
090.TP160,0,88.0,2012-05-04
090.TP161,0,77.0,2012-05-04
090.TP162,0,93.5,2012-05-04
090.V3000.SET6,0,505.15,2015-08-27
090.V3000.SET7,0,800.5,2015-08-27
090.V5100.SET3,0,288.75,2015-08-27
090.V5100.SET4,0,504.7,2015-08-27
090.V6000.SET3,0,590.0,2015-08-27
090.V6000.SET4,0,1055.65,2015-08-27
090.VP015,0,0.27819,2017-02-21
090.VP018,0,0.993,2013-05-03
090.VP100,0,0.43,2022-03-09
090.VP105,0,0.55854,2017-02-21
090.VP120,0,1.89127,2015-05-18
090.VP122,0,2.295,2012-05-04
090.VP124,0,2.78556,2015-05-18
090.VP126,0,4.087,2012-05-04
090.VP130,0,2.6,2017-02-21
090.VP140,0,3.4,2017-02-21
090.VP150,0,3.1,2015-05-18
090.VSO33.SI,1,46.0,2023-08-28
090.VSO33.SI,3,46.0,2023-08-28
090.VSO33.SI,4,46.0,2023-08-28
090.VSO33.SI,5,46.0,2023-08-28
090.VSO33.SI,6,46.0,2023-08-28
090.VSO33.SI,7,46.0,2023-08-28
090.VSO33.SI,8,46.0,2023-08-28
090.VSO33.SI,9,46.0,2023-08-28
090.VSO33.SI,10,46.0,2023-08-28
090.VSO33.SI,11,46.0,2023-08-28
090.VSO33.SI,12,46.0,2023-08-28
090.VSO33.SI,13,46.0,2023-08-28
090.VSO33.SI,14,46.0,2023-08-28
090.VSO33.SI,15,46.0,2023-08-28
090.VSO33.SI,16,46.0,2023-08-28
090.VSO33.SI,17,46.0,2023-08-28
090.VSO33.SI,18,46.0,2023-08-28
090.VSO33.SI,19,46.0,2023-08-28
090.VSO33.SI,20,46.0,2023-08-28
090.VSO33.SI,21,46.0,2023-08-28
090.VSO33.SI,22,46.0,2023-08-28
090.VSO33.SI,23,46.0,2023-08-28
090.VSO33.SI,24,46.0,2023-08-28
090.VSO33.SI,25,46.0,2023-08-28
090.VSO33.SI,26,46.0,2023-08-28
090.VSO33.SI,27,46.0,2023-08-28
090.VSO33.SI,28,46.0,2023-08-28
090.VSO33.SI,29,46.0,2023-11-09
090.VSO33.SI,30,46.0,2023-11-09
090.VSO33.SI,31,46.0,2023-11-09
090.VSO33.SI,32,46.0,2023-11-09
090.VSO33.SI,33,46.0,2023-11-09
090.VSO33.SI,34,46.0,2023-11-09
090.VSO33.SI,35,46.0,2023-11-09
090.VSO33.SI,36,46.0,2023-11-09
090.VSO33.SI,37,46.0,2023-11-09
090.VSO33.SI,38,46.0,2023-11-09
090.VSO33.SI,39,46.0,2023-11-09
090.VSO33.SI,40,46.0,2023-11-09
090.VSO33.SI,41,46.0,2023-11-09
090.VSO33.SI,42,46.0,2023-11-09
090.VSO33.SI,43,46.0,2023-11-09
090.VSO33.SI,44,46.0,2023-11-09
090.VSO33.SI,45,46.0,2023-11-09
090.VSO33.SI,46,46.0,2023-11-09
090.VSO33,1,36.0,2023-08-28
090.VSO33,2,36.0,2023-08-28
090.VSO33,3,36.0,2023-08-28
090.VSO33,4,36.0,2023-08-28
090.VSO33,7,36.0,2023-08-28
090.VSO33,8,36.0,2023-08-28
090.VSO33,9,36.0,2023-08-28
090.VSO33,10,36.0,2023-08-28
090.VSO33,11,36.0,2023-08-28
090.VSO33,12,36.0,2023-08-28
090.VSO33,13,36.0,2023-08-28
090.VSO33,14,36.0,2023-08-28
090.VSO33,16,36.0,2023-08-28
090.VSO33,17,36.0,2023-08-28
090.VSO33,18,36.0,2023-08-28
090.VSO33,19,36.0,2023-08-28
090.VSO33,20,36.0,2023-08-28
090.VSO33,21,36.0,2023-08-28
090.VSO33,22,36.0,2023-08-28
090.VSO33,23,36.0,2023-08-28
090.VSO33,24,36.0,2023-08-28
090.VSO33,25,36.0,2023-08-28
090.VSO33,26,36.0,2023-08-28
090.VSO33,27,36.0,2023-08-28
090.VSO33,28,36.0,2023-08-28
090.VSO33,29,36.0,2023-08-28
090.VSO33,30,36.0,2023-08-28
090.VSO33,31,36.0,2023-08-28
090.VSO33,32,36.0,2023-08-28
090.VSO33,33,36.0,2023-08-28
090.VSO33,34,36.0,2023-08-28
090.VSO33,35,36.0,2023-08-28
090.VSO33,36,36.0,2023-08-28
090.VSO33,37,36.0,2023-08-28
090.VSO33,38,36.0,2023-08-28
090.VSO33,39,36.0,2023-08-28
090.VSO33,53,36.0,2023-08-28
090.VSO33,54,36.0,2023-08-28
090.VSO33,55,36.0,2023-08-28
090.VSO33,57,36.0,2023-08-28
090.VSO33,58,36.0,2023-08-28
090.VSO33,59,36.0,2023-08-28
090.VSO33,60,36.0,2023-08-28
090.VSO33,81,36.0,2023-11-09
090.VSO33,82,36.0,2023-11-09
090.VSO33,83,36.0,2023-11-09
090.VSO33,84,36.0,2023-11-09
090.VSO33,85,36.0,2023-11-09
090.VSO33,86,36.0,2023-11-09
090.VSO33,87,36.0,2023-11-09
090.VSO33,88,36.0,2023-11-09
090.VSO33,89,36.0,2023-11-09
090.VSO33,90,36.0,2023-11-09
090.VSO33,91,36.0,2023-11-09
090.VSO33,92,36.0,2023-11-09
090.VSO33,93,36.0,2023-11-09
090.VSO33,94,36.0,2023-11-09
090.VSO33,95,36.0,2023-11-09
090.VSO33,96,36.0,2023-11-09
090.VSO33,97,36.0,2023-11-09
090.VSO33,98,36.0,2023-11-09
090.VSO33,0,36.0,2023-08-28
090.VSO55.SAG,1,48.5,2023-08-28
090.VSO55,8,48.5,2023-08-28
090.VSO55,0,48.5,2023-08-28
090.VSO66.SAG,1,56.5,2023-08-28
090.VSO66,1,56.5,2023-08-28
090.VSO66,0,56.5,2023-08-28
090.VST33.SI,1,33.5,2023-08-28
090.VST33.SI,2,33.5,2023-08-28
090.VST33.SI,3,33.5,2023-08-28
090.VST33.SI,4,33.5,2023-08-28
090.VST33.SI,5,33.5,2023-08-28
090.VST33.SI,6,33.5,2023-08-28
090.VST33.SI,7,33.5,2023-08-28
090.VST33.SI,8,33.5,2023-08-28
090.VST33.SI,9,33.5,2023-08-28
090.VST33.SI,10,33.5,2023-08-28
090.VST33.SI,11,33.5,2023-08-28
090.VST33.SI,12,33.5,2023-08-28
090.VST33.SI,13,33.5,2023-08-28
090.VST33.SI,14,33.5,2023-08-28
090.VST33.SI,15,33.5,2023-08-28
090.VST33.SI,16,33.5,2023-08-28
090.VST33.SI,17,33.5,2023-08-28
090.VST33.SI,18,33.5,2023-08-28
090.VST33.SI,19,33.5,2023-08-28
090.VST33.SI,35,33.5,2023-08-28
090.VST33.SI,36,33.5,2023-08-28
090.VST33.SI,37,33.5,2023-08-28
090.VST33.SI,38,33.5,2023-08-28
090.VST33.SI,39,33.5,2023-08-28
090.VST33.SI,40,33.5,2023-08-28
090.VST33.SI,41,33.5,2023-08-28
090.VST33.SI,42,33.5,2023-08-28
090.VST33.SI,43,33.5,2023-08-28
090.VST33.SI,44,33.5,2023-08-28
090.VST33.SI,45,33.5,2023-08-28
090.VST33.SI,46,33.5,2023-08-28
090.VST33.SI,47,33.5,2023-08-28
090.VST33.SI,48,33.5,2023-08-28
090.VST33.SI,49,33.5,2023-08-28
090.VST33.SI,50,33.5,2023-08-28
090.VST33.SI,51,33.5,2023-08-28
090.VST33.SI,52,33.5,2023-08-28
090.VST33.SI,53,33.5,2023-08-28
090.VST33.SI,54,33.5,2023-08-28
090.VST33.SI,55,33.5,2023-08-28
090.VST33.SI,56,33.5,2023-08-28
090.VST33.SI,113,33.5,2023-11-09
090.VST33.SI,114,33.5,2023-11-09
090.VST33.SI,115,33.5,2023-11-09
090.VST33.SI,116,33.5,2023-11-09
090.VST33.SI,117,33.5,2023-11-09
090.VST33.SI,118,33.5,2023-11-09
090.VST33.SI,119,33.5,2023-11-09
090.VST33.SI,120,33.5,2023-11-09
090.VST33.SI,121,33.5,2023-11-09
090.VST33.SI,122,33.5,2023-11-09
090.VST33.SI,123,33.5,2023-11-09
090.VST33.SI,124,33.5,2023-11-09
090.VST33.SI,125,33.5,2023-11-09
090.VST33.SI,126,33.5,2023-11-09
090.VST33.SI,127,33.5,2023-11-09
090.VST33.SI,128,33.5,2023-11-09
090.VST33.SI,129,33.5,2023-11-09
090.VST33.SI,130,33.5,2023-11-09
090.VST33,1,24.5,2023-08-28
090.VST33,2,24.5,2023-08-28
090.VST33,3,24.5,2023-08-28
090.VST33,4,24.5,2023-08-28
090.VST33,5,24.5,2023-08-28
090.VST33,7,24.5,2023-08-28
090.VST33,8,24.5,2023-08-28
090.VST33,14,24.5,2023-08-28
090.VST33,15,24.5,2023-08-28
090.VST33,16,24.5,2023-08-28
090.VST33,17,24.5,2023-08-28
090.VST33,18,24.5,2023-08-28
090.VST33,19,24.5,2023-08-28
090.VST33,20,24.5,2023-08-28
090.VST33,21,24.5,2023-08-28
090.VST33,28,24.5,2023-08-28
090.VST33,29,24.5,2023-08-28
090.VST33,30,24.5,2023-08-28
090.VST33,31,24.5,2023-08-28
090.VST33,32,24.5,2023-08-28
090.VST33,33,24.5,2023-08-28
090.VST33,34,24.5,2023-08-28
090.VST33,35,24.5,2023-08-28
090.VST33,36,24.5,2023-08-28
090.VST33,37,24.5,2023-08-28
090.VST33,38,24.5,2023-08-28
090.VST33,39,24.5,2023-08-28
090.VST33,40,24.5,2023-08-28
090.VST33,41,24.5,2023-08-28
090.VST33,42,24.5,2023-08-28
090.VST33,43,24.5,2023-08-28
090.VST33,44,24.5,2023-08-28
090.VST33,45,24.5,2023-08-28
090.VST33,46,24.5,2023-08-28
090.VST33,47,24.5,2023-08-28
090.VST33,48,24.5,2023-08-28
090.VST33,49,24.5,2023-08-28
090.VST33,50,24.5,2023-08-28
090.VST33,51,24.5,2023-08-28
090.VST33,52,24.5,2023-08-28
090.VST33,53,24.5,2023-08-28
090.VST33,54,24.5,2023-08-28
090.VST33,55,24.5,2023-08-28
090.VST33,56,24.5,2023-08-28
090.VST33,57,24.5,2023-08-28
090.VST33,58,24.5,2023-08-28
090.VST33,59,24.5,2023-08-28
090.VST33,60,24.5,2023-08-28
090.VST33,61,24.5,2023-08-28
090.VST33,62,24.5,2023-08-28
090.VST33,63,24.5,2023-08-28
090.VST33,64,24.5,2023-08-28
090.VST33,65,24.5,2023-08-28
090.VST33,66,24.5,2023-08-28
090.VST33,67,24.5,2023-08-28
090.VST33,68,24.5,2023-08-28
090.VST33,92,24.5,2023-08-28
090.VST33,93,24.5,2023-08-28
090.VST33,94,24.5,2023-08-28
090.VST33,95,24.5,2023-08-28
090.VST33,96,24.5,2023-08-28
090.VST33,103,24.5,2023-08-28
090.VST33,104,24.5,2023-08-28
090.VST33,105,24.5,2023-08-28
090.VST33,106,24.5,2023-08-28
090.VST33,212,24.5,2023-08-28
090.VST33,213,24.5,2023-08-28
090.VST33,214,24.5,2023-08-28
090.VST33,215,24.5,2023-08-28
090.VST33,217,24.5,2023-08-28
090.VST33,218,24.5,2023-08-28
090.VST33,219,24.5,2023-08-28
090.VST33,220,24.5,2023-08-28
090.VST33,221,24.5,2023-08-28
090.VST33,222,24.5,2023-08-28
090.VST33,224,24.5,2023-08-28
090.VST33,225,24.5,2023-08-28
090.VST33,226,24.5,2023-08-28
090.VST33,227,24.5,2023-08-28
090.VST33,228,24.5,2023-08-28
090.VST33,229,24.5,2023-08-28
090.VST33,230,24.5,2023-08-28
090.VST33,231,24.5,2023-08-28
090.VST33,417,24.5,2023-08-28
090.VST33,418,24.5,2023-08-28
090.VST33,419,24.5,2023-08-28
090.VST33,468,24.5,2023-08-28
090.VST33,469,24.5,2023-08-28
090.VST33,470,24.5,2023-08-28
090.VST33,471,24.5,2023-08-28
090.VST33,752,24.5,2023-11-09
090.VST33,753,24.5,2023-11-09
090.VST33,754,24.5,2023-11-09
090.VST33,755,24.5,2023-11-09
090.VST33,756,24.5,2023-11-09
090.VST33,757,24.5,2023-11-09
090.VST33,758,24.5,2023-11-09
090.VST33,759,24.5,2023-11-09
090.VST33,760,24.5,2023-11-09
090.VST33,761,24.5,2023-11-09
090.VST33,762,24.5,2023-11-09
090.VST33,763,24.5,2023-11-09
090.VST33,764,24.5,2023-11-09
090.VST33,765,24.5,2023-11-09
090.VST33,766,24.5,2023-11-09
090.VST33,767,24.5,2023-11-09
090.VST33,768,24.5,2023-11-09
090.VST33,769,24.5,2023-11-09
090.VST33,0,24.5,2023-08-28
090.VST55.SAG,1,37.0,2023-08-28
090.VST55.SI.SAG,1,46.5,2023-08-28
090.VST55.SI,30,46.5,2023-08-28
090.VST55.SI,0,46.5,2023-08-28
090.VST55,192,37.0,2023-08-28
090.VST55,0,37.0,2023-08-28
090.VST66.SAG,1,46.0,2023-08-28
090.VST66.SI.SAG,1,51.5,2023-08-28
090.VST66.SI,1,51.5,2023-08-28
090.VST66.SI,0,70.0,2023-08-29
090.VST66,1,46.0,2023-08-28
090.VST66,0,46.0,2023-08-28
090.VTO10.SAG,1,48.0,2023-08-28
090.VTO10,12,48.0,2023-08-28
090.VTO10,0,48.0,2023-08-28
090.VTO12.SAG,1,60.0,2023-08-28
090.VTO12,1,60.0,2023-08-28
090.VTO12,0,60.0,2023-08-28
090.VTT10.SAG,1,40.0,2023-08-28
090.VTT10,45,40.0,2023-08-28
090.VTT10,0,40.0,2023-08-28
090.VTT12.SAG,1,50.0,2023-08-28
090.VTT12,1,50.0,2023-08-28
090.VTT12,0,50.0,2023-08-28
090.VTT6,1,46.0,2023-08-28
090.VTT6,2,46.0,2023-08-28
090.VTT6,3,46.0,2023-08-28
090.VTT6,4,46.0,2023-08-28
090.VTT6,5,46.0,2023-08-28
090.VTT6,6,46.0,2023-08-28
090.VTT6,7,46.0,2023-08-28
090.VTT6,8,46.0,2023-08-28
090.VTT6,9,46.0,2023-08-28
090.VTT6,10,46.0,2023-08-28
090.VTT6,11,46.0,2023-08-28
090.VTT6,12,46.0,2023-08-28
090.VTT6,13,46.0,2023-08-28
090.VTT6,14,46.0,2023-08-28
090.VTT6,15,46.0,2023-08-28
090.VTT6,16,46.0,2023-08-28
090.VTT6,17,46.0,2023-08-28
090.VTT6,18,46.0,2023-08-28
090.VTT6,19,46.0,2023-08-28
090.VTT6,20,46.0,2023-08-28
090.VTT6,29,45.0,2022-09-19
091.F2.SQ.027,0,46.0,2023-11-09
091.F2.SQ.029,0,5.4,2023-11-09
091.F2.SQ.030,0,4.4,2023-11-09
091.F2.SQ.032,0,10.2,2023-11-09
091.F2.SQ.033,0,3.5,2023-11-09
091.F2.SQ.034,0,2.5,2023-11-09
091.F2.SQ.036,0,6.8,2023-11-09
091.F2.SQ.038,0,6.2,2023-11-09
091.F2.SQ.039,0,1.4,2023-11-09
091.F2.SQ.041,0,3.8,2023-11-09
091.F2.SQ.042,0,2.4,2023-11-09
091.F2.SQ.044,0,3.9,2023-11-09
091.F2.SQ.046,0,8.6,2023-11-09
091.F2.SQ.048,0,2.9,2023-11-09
091.F2.SQ.050,0,7.2,2023-11-09
091.F2.SQ.069,0,3.4,2023-11-09
091.N1037,0,6.2168,2023-08-28
091.N1038,0,2.2952,2023-08-28
091.N1039,0,8.0332,2023-08-28
091.N1040,0,5.2896,2023-08-28
091.N1041,0,7.9762,2023-08-28
091.N1042,0,5.529,2023-08-28
091.N1043,0,0.874,2023-08-28
091.N1044,0,0.7106,2023-08-28
091.N1045,0,1.7328,2023-08-28
091.N1046,0,5.149,2023-08-28
091.N1047,0,5.7646,2023-08-28
091.N1060,0,2.622,2023-08-28
091.NW2188,0,0.88524,2023-08-28
091.NW2191,0,0.84268,2023-08-28
091.NW2191AN,1,1.41743,2022-04-08
091.NW2191AN,0,1.06,2018-05-04
091.NW2530,0,4.92419,2023-08-28
091.NW2531,0,0.45539,2023-08-28
091.NW2535,0,1.16614,2023-08-28
091.NW2545,0,7.6608,2023-08-28
091.NW2545AN,0,0.0,2017-03-14
091.NW2547,0,5.89456,2023-08-28
091.NW2600,0,3.94531,2023-08-28
091.NW2601,0,4.73267,2023-08-28
091.NW2602,0,1.96627,2023-08-28
091.NW2603,0,5.23402,2023-08-28
091.NW2604,0,1.24275,2023-08-28
091.NW2605,0,9.29936,2023-08-28
091.NW2606,0,5.7912,2023-08-28
091.NW2607,0,7.8356,2023-08-28
091.NW2608,0,6.6652,2023-08-28
091.NW2609,0,2.508,2023-08-28
091.NW2610,0,0.912,2023-08-28
091.NW2611,0,10.5716,2023-08-28
091.NW2612,0,9.3138,2023-08-28
091.NW2613,0,9.2796,2023-08-28
091.NW2614,0,2.85,2023-08-28
091.NW2615,0,6.726,2023-08-28
091.NW2616,0,3.3212,2023-08-28
091.NW2617,0,4.2294,2023-08-28
091.NW2618,0,10.4462,2023-08-28
091.NW2619,0,17.841,2023-08-28
091.NWSQ001,0,3.35,2019-04-12
091.NWSQ002,0,2.65,2018-10-31
091.NWSQ003,0,0.68699,2023-08-29
091.NWSQ004,0,2.65,2018-11-07
091.NWSQ005,0,3.68,2018-11-07
091.NWSQ006,0,2.65,2021-05-11
091.NWSQ007,0,5.7,2018-11-07
091.NWSQ008,0,1.05,2017-04-13
091.NWSQ009,0,1.35,2018-10-31
091.NWSQ010,0,2.65,2021-05-11
091.NWSQ011,0,0.22771,2023-08-29
091.NWSQ012,0,3.0,2021-05-11
091.NWSQ014,0,3.0,2022-03-09
091.NWSQ015,0,0.47207,2023-08-29
091.NWSQ016,0,0.51883,2023-08-29
091.NWSQ017,0,0.47831,2023-08-29
091.NWSQ018,0,0.64578,2023-08-29
091.NWSQ019,0,2.65,2019-09-19
091.NWSQ020,0,2.65,2019-05-28
091.PAN.01.TR,0,70.0,2020-09-11
091.PAN.02.TR,0,120.0,2020-09-11
091.PST002,0,0.0984,2018-11-07
092.ANTASCOP.01D,0,212.0,2023-08-28
092.ANTASCOP.01S,0,212.0,2023-08-28
092.ANTASCOP.02D,0,237.0,2023-08-28
092.ANTASCOP.02S,0,237.0,2023-08-28
092.ANTASCOP.03D,0,256.0,2023-08-28
092.ANTASCOP.03S,0,256.0,2023-08-28
092.ANTASCOP.04D,0,274.0,2023-08-28
092.ANTASCOP.04S,0,274.0,2023-08-28
092.ANTASCOP.05D,0,306.0,2023-08-28
092.ANTASCOP.05S,0,306.0,2023-08-28
092.ANTASCOP.06D,0,331.0,2023-08-28
092.ANTASCOP.06S,0,331.0,2023-08-28
092.ANTASCTR.01,0,163.0,2023-08-28
092.ANTASCTR.02,0,181.0,2023-08-28
092.ANTASCTR.03,0,195.0,2023-08-28
092.ANTASCTR.04,0,208.0,2023-08-28
092.ANTASCTR.05,0,233.0,2023-08-28
092.ANTASCTR.06,0,251.0,2023-08-28
092.GU001.10.B,0,0.235,2023-08-29
092.GU001.10.G,0,0.185,2022-03-09
092.GU001.10.N,0,0.185,2022-03-09
092.GU001.10,0,0.185,2021-05-11
092.GU001.12.B,0,0.205,2023-08-29
092.GU001.12.G,0,0.205,2022-12-09
092.GU001.12.N,0,0.205,2023-05-03
092.GU001.12,0,0.155,2022-03-09
092.GU002.AI,0,0.36,2023-08-29
092.GU002.TP.B,0,0.8565,2022-03-09
092.GU002.TP.G,0,0.85648,2022-03-09
092.GU002.TP.N,0,0.3605,2022-03-09
092.GU002.TP,0,1.1035,2023-08-29
092.GU003,0,0.725,2021-05-21
092.GU004.TP.B,0,0.5964,2023-12-12
092.GU004.TP.G,0,0.5964,2023-12-12
092.GU004.TP.N,0,0.5964,2023-12-12
092.NW2531LED,0,3.69,2017-04-24
092.NW2533PLM,0,1.37887,2023-05-03
092.TAP01,0,2.0,2017-05-17
093.PM001.LLV.10,0,5.0,2023-08-29
093.PM001.LLV.12,0,5.0,2023-08-29
098.P055CF6ANT,1,3.5,2015-09-08
098.P055CF6ANT,0,3.5,2013-05-02
0MAG.0001,0,80.0,2018-06-14
0MAG.0002,0,60.0,2018-06-14
COM.ACC,0,0.88,2021-05-11
