,PC1,PC2,Codice_articolo,Categoria
0,-1.4576578634227193,1.7813721192815344,017.PM419,Veneziane
1,-1.7030873500219674,2.8832280172936,017.PM421,Veneziane
2,-1.4855267370151162,0.8569423936359934,017.PM422,Veneziane
3,-2.0646221153924866,1.6389962154091078,017.PM424,Veneziane
4,-2.0372842414430377,2.492167751629122,017.PM425,Veneziane
5,-1.103762658989555,2.6319943738083817,017.PM426,Veneziane
6,-0.982291779042595,2.5177706723021296,017.PM427,Veneziane
7,-1.5985594111437251,1.9063551260791782,017.PM430,Veneziane
8,-1.8385243817622923,2.491477174054028,017.PM431,Veneziane
9,-1.8061324801385448,2.7097905691442117,017.PM433,Veneziane
10,-2.0010410405479955,1.2017551744777812,017.PM543,Veneziane
11,-1.6300524929371345,2.302242784289111,017.PM414,Veneziane
12,-1.7362955542239298,2.687755509810995,017.PM417,Veneziane
13,-1.0955813517252055,1.5405739331265764,017.PM418,Veneziane
14,-1.594018492777063,1.2155808167697726,017.PM543_AL,Veneziane
15,-2.194335115695898,1.3798952040401893,017.PM544_AL,Veneziane
16,-2.1607359652062597,1.354294742734386,017.PM546_AL,Veneziane
17,-1.6434011961116246,2.8107119017259685,017.PM419_AL,Veneziane
18,-0.8812655630779352,1.8224554142740712,017.PM420_AL,Veneziane
19,-0.82619747286954,1.3424788216892296,017.PM421_AL,Veneziane
20,-2.6297754211664652,2.541587104911726,017.PM424_AL,Veneziane
21,-2.6026644967196044,1.874148025407675,017.PM425_AL,Veneziane
22,-1.1890407271447185,3.6587099705792525,017.PM426_AL,Veneziane
23,-2.0515274740705105,1.0129480353031344,017.PM430_AL,Veneziane
24,-2.5106527696562093,1.723972593605688,017.PM431_AL,Veneziane
25,-1.6180938755658252,2.662082156099964,017.PM547_AL,Veneziane
26,1.493835088448034,-2.042271399136063,017.PM152,Vetri
27,1.4518238122523763,-2.276679648085245,017.PM152,Vetri
28,1.244975977745464,-2.1239296182596097,017.PM152,Vetri
29,1.5459090108882576,-2.6497045376702015,017.PM152,Vetri
30,1.3109847512370245,-2.2272860217133945,017.PM152,Vetri
31,1.720368414049386,-2.198955308778156,017.PM152,Vetri
32,1.30867272203175,-2.219006377788403,017.PM152,Vetri
33,1.8602712012970026,-2.247698236485324,017.PM152,Vetri
34,1.7465274262305928,-2.0559643562758048,017.PM152,Vetri
35,1.463423867984336,-2.7430867473721614,017.PM152,Vetri
36,2.06970355939087,-2.328331991398487,017.PM152,Vetri
37,1.707242986938195,-2.1688414686232935,017.PM152,Vetri
38,1.937048080242084,-1.4290153036699895,017.PM152,Vetri
39,1.3913404369498577,-2.42326139056898,017.PM152,Vetri
40,1.7312034407321581,-2.5195651468031945,017.PM152,Vetri
41,1.6561520452290592,-2.1915622255265426,017.PM152,Vetri
42,1.928848719135008,-2.1304481767399666,017.PM152,Vetri
43,1.4002593587936132,-2.3010984650016546,017.PM152,Vetri
44,1.4691059933540567,-1.9804221432779694,017.PM152,Vetri
45,1.6255906292956896,-2.6208264556532956,017.PM152,Vetri
46,2.350222975862007,-2.328729035059309,017.PM152,Vetri
47,1.6311494989411506,-2.033898908355486,017.PM152,Vetri
48,1.8541979996248494,-2.0939245515138176,017.PM152,Vetri
49,2.2672869499069916,-2.2162322555597647,017.PM152,Vetri
50,1.9807113325889383,-2.1098121217739174,017.PM152,Vetri
51,1.9594681900102142,-2.199220422199471,017.PM152,Vetri
52,1.7954558349591816,-1.8342833230885427,017.PM152,Vetri
53,1.1571997167781394,-2.000361284216183,017.PM152,Vetri
54,1.8806890348082,-1.7834222900755046,017.PM152,Vetri
55,2.0759464988293925,-2.342843537066597,017.PM152,Vetri
56,1.838426631198523,-2.0533322502748113,017.PM152,Vetri
57,1.5868601049796938,-2.0214604558724747,017.PM152,Vetri
58,1.6958751570810542,-2.2871131617018343,017.PM152,Vetri
59,2.0622177477952266,-2.162615154443316,017.PM152,Vetri
60,2.0968951967124503,-2.3937002751403496,017.PM152,Vetri
61,1.548615643372908,-1.927878112745716,017.PM152,Vetri
62,2.2398963601649915,-2.3075141565307393,017.PM152,Vetri
63,1.4634886651688266,-2.0134695367544166,017.PM152,Vetri
64,1.3135330329397354,-2.0872490868875326,017.PM152,Vetri
65,2.2415711754358303,-2.316157735607737,017.PM152,Vetri
66,2.086455668862978,-2.110519947409131,017.PM152,Vetri
67,1.5062080473991313,-2.071856579566806,017.PM152,Vetri
68,1.680276428085227,-2.542126235964249,017.PM152,Vetri
69,1.7882763263178756,-2.067347778420052,017.PM152,Vetri
70,1.3090790014929596,-2.3694555281180674,017.PM152,Vetri
71,2.168953202754892,-2.3984869975755503,017.PM152,Vetri
72,1.3644365982531557,-2.4149607631800993,017.PM152,Vetri
73,1.8413760450839252,-1.7721131688978091,017.PM152,Vetri
74,2.010747028674029,-1.893733595056457,017.PM152,Vetri
75,1.8606036142192088,-2.3981647483091235,017.PM152,Vetri
76,1.8771384641997744,-1.8563302695675958,017.PM152,Vetri
77,1.5404292169157663,-2.4914693322342822,017.PM152,Vetri
78,2.1105084762723005,-1.9925427907742461,017.PM152,Vetri
79,1.8759850269409353,-2.867258134527227,017.PM152,Vetri
80,1.6992361421608693,-2.147645403939963,017.PM152,Vetri
81,1.3474242078912904,-2.31578082979181,017.PM152,Vetri
82,1.9214111726568974,-2.4009143760296303,017.PM152,Vetri
83,1.9136353372217565,-2.52629663228606,017.PM152,Vetri
84,2.1365645289834894,-1.91206488736045,017.PM152,Vetri
85,2.054354360592702,-2.1438525801677524,017.PM152,Vetri
86,1.8801928003593293,-2.1556064322116524,017.PM152,Vetri
87,1.4862015558301378,-2.5064897762235003,017.PM152,Vetri
88,2.2590988490637933,-2.4969866175416846,017.PM152,Vetri
89,1.5034102346159446,-1.964167926705826,017.PM152,Vetri
90,1.7767546295110714,-2.340067846445679,017.PM152,Vetri
91,1.9875253506465875,-2.123364370362203,017.PM152,Vetri
92,1.7386244183545114,-2.2455179565630785,017.PM152,Vetri
93,1.7310845263499386,-2.0815718221943893,017.PM152,Vetri
94,1.684428412948957,-2.5497528625439365,017.PM152,Vetri
95,1.765557395147607,-2.0192309266400827,017.PM152,Vetri
96,1.56344448420059,-2.403021959491854,017.PM152,Vetri
97,1.6210912042898629,-2.687392800520954,017.PM152,Vetri
98,1.9168019880688005,-2.389453908648041,017.PM152,Vetri
99,2.12767616358544,-2.0361039265604988,017.PM152,Vetri
100,2.227297752052743,-2.5627273952288165,017.PM152,Vetri
101,1.5689913828574273,-2.559725531289072,017.PM152,Vetri
102,1.7926208554813021,-2.8119517275418717,017.PM152,Vetri
103,1.4312313859681476,-1.9370000374876697,017.PM152,Vetri
104,1.8233752884474757,-1.7310762989898172,017.PM152,Vetri
105,2.0219535556489903,-1.9222685443956198,017.PM152,Vetri
106,2.1286983563355144,-2.320958276745955,017.PM152,Vetri
107,1.947601856370516,-2.605992601064433,017.PM152,Vetri
108,1.4715530696205354,-2.3240047532200006,017.PM152,Vetri
109,1.8647909231323294,-2.1187098506409052,017.PM152,Vetri
110,2.1832448710246615,-2.601531088083663,017.PM152,Vetri
111,1.6456826438190737,-1.8766623072050321,017.PM152,Vetri
112,1.814654790278822,-2.574646939117256,017.PM152,Vetri
113,1.6981498367842784,-2.295080397219445,017.PM152,Vetri
114,1.5878237107199613,-2.4657924473195068,017.PM152,Vetri
115,1.4452075129611706,-2.261705380377973,017.PM152,Vetri
116,1.8153412436968694,-2.7203055454808824,017.PM152,Vetri
117,1.9025710658832922,-2.3513193932730814,017.PM152,Vetri
118,1.552768725851481,-2.0844438354517534,017.PM152,Vetri
119,1.6711988054313809,-2.3732125770843653,017.PM152,Vetri
120,1.3940894247411977,-2.5788760511163176,017.PM152,Vetri
121,1.740185656626784,-2.6870926112422793,017.PM152,Vetri
122,1.8311281718315238,-2.180941091494046,017.PM152,Vetri
123,2.125474748033796,-1.8857362251258616,017.PM152,Vetri
124,1.7550827165927365,-1.7078177600937567,017.PM152,Vetri
125,1.6863056089112638,-2.554050604030434,017.PM152,Vetri
126,1.1947766433264562,-1.9440711161603983,017.PM152,Vetri
127,2.072688127807091,-2.7657768156118414,017.PM152,Vetri
128,1.4566644698951055,-2.5809833438781546,017.PM152,Vetri
129,2.213577807754051,-2.388622735528312,017.PM152,Vetri
130,2.049306921031825,-1.987682374878496,017.PM152,Vetri
131,1.954347529104753,-1.4695671681529936,017.PM152,Vetri
132,1.6716472978362769,-2.2281162510657273,017.PM152,Vetri
133,2.053267001269898,-1.8547990253715765,017.PM152,Vetri
134,1.4817117033220428,-2.346096891676748,017.PM152,Vetri
135,2.1572737727586038,-2.395214768494171,017.PM152,Vetri
136,1.4629164387000437,-2.1546629238887647,017.PM152,Vetri
137,1.9220135177211501,-2.1098272206907156,017.PM152,Vetri
138,2.2539025370244503,-2.3419615929044912,017.PM152,Vetri
139,1.2823394035209679,-2.3031893396367833,017.PM152,Vetri
140,1.222035107388043,-2.009037689221683,017.PM152,Vetri
141,1.7915745933810259,-2.8107607988394205,017.PM152,Vetri
142,1.2834434274750115,-2.047740531553471,017.PM152,Vetri
143,1.9905725081944714,-1.7040664972610802,017.PM152,Vetri
144,1.9390428004561802,-1.5873359892276409,017.PM152,Vetri
145,2.312213450110915,-2.4822357975563505,017.PM152,Vetri
146,1.6734952764150877,-2.8132308764914997,017.PM152,Vetri
147,2.203638690007839,-2.3638329083270873,017.PM152,Vetri
148,1.4990374417734462,-2.832013091416535,017.PM152,Vetri
149,1.4297234861805783,-2.3681881822457083,017.PM152,Vetri
150,1.8692520927645828,-2.418982630356585,017.PM152,Vetri
151,1.5017105440135383,-1.6695455544954112,017.PM152,Vetri
152,1.5319596925683023,-2.17952500338922,017.PM152,Vetri
153,2.1013769243226212,-2.5438536059380445,017.PM152,Vetri
154,1.4299953669835994,-2.5129031169220433,017.PM152,Vetri
155,1.487114442010436,-1.9268075813015577,017.PM152,Vetri
156,1.3420644460569724,-2.152248754386832,017.PM152,Vetri
157,1.2731387793317943,-1.8438803271136373,017.PM152,Vetri
158,1.3206661579417334,-1.8110255750767283,017.PM152,Vetri
159,1.7566033770584288,-2.580417203010327,017.PM152,Vetri
160,2.0003123104245373,-1.987795054125746,017.PM152,Vetri
161,1.77965227504994,-2.200901061053356,017.PM152,Vetri
162,1.7502985535526132,-1.982161606123248,017.PM152,Vetri
163,1.7803862904818955,-2.202492522685234,017.PM152,Vetri
164,1.7046662734688502,-2.1645127245134215,017.PM152,Vetri
165,2.0175814216158225,-2.1981158600742825,017.PM152,Vetri
166,2.095934455131291,-2.1360756733625403,017.PM152,Vetri
167,1.3992853154516058,-2.4138372896589835,017.PM152,Vetri
168,1.800140245450969,-2.1033837027447113,017.PM152,Vetri
169,2.2680330439106426,-2.08490597712584,017.PM152,Vetri
170,1.2507564730105964,-2.055271374472813,017.PM152,Vetri
171,2.0255249690566934,-1.710004454478351,017.PM152,Vetri
172,2.190632646933275,-2.619962245904246,017.PM152,Vetri
173,1.534947269696925,-2.185650746049292,017.PM152,Vetri
174,2.220952887553615,-2.5509746091019077,017.PM152,Vetri
175,1.890923363657842,-2.325199205307041,017.PM152,Vetri
176,1.610180654591309,-2.5186477820352557,017.PM152,Vetri
177,2.2040204661194003,-2.6503910677613587,017.PM152,Vetri
178,1.781694286853223,-2.7857368323132903,017.PM152,Vetri
179,1.905043101118328,-2.5060581904301955,017.PM152,Vetri
180,1.5960856448388943,-2.1891309225328754,017.PM152,Vetri
181,1.9232233673237975,-2.117098814857386,017.PM152,Vetri
182,1.5693735587484,-2.417722766403796,017.PM152,Vetri
183,2.394935996751049,-2.3981269720962826,017.PM152,Vetri
184,1.3304646863627683,-1.9807896402911986,017.PM152,Vetri
185,1.8935787951867347,-2.1886700793162843,017.PM152,Vetri
186,2.0263638398627983,-2.220195944881454,017.PM152,Vetri
187,1.7633231352426635,-2.1618797792535323,017.PM152,Vetri
188,1.9776328429563677,-2.3899997249870877,017.PM152,Vetri
189,1.863678968414741,-2.1124151162399274,017.PM152,Vetri
190,1.8320267178404417,-2.9087925890507935,017.PM152,Vetri
191,1.5566766607922415,-2.3866664032128946,017.PM152,Vetri
192,2.1388161810680852,-1.9170281399592128,017.PM152,Vetri
193,1.8399995495369195,-2.5378147158731115,017.PM152,Vetri
194,1.9831144231786964,-2.257467524738158,017.PM152,Vetri
195,2.445997247804562,-2.5217381335381144,017.PM152,Vetri
196,1.8352239299066755,-2.041368033848737,017.PM152,Vetri
197,2.1343122234016016,-1.9061388829040828,017.PM152,Vetri
198,2.223050659989178,-2.411469111382458,017.PM152,Vetri
199,1.9920217700878395,-2.427731892779467,017.PM152,Vetri
200,1.5062073153730562,-2.4065828338673434,017.PM152,Vetri
201,2.0329760003128214,-2.672720718626602,017.PM152,Vetri
202,1.3638670668947128,-2.352671566249151,017.PM152,Vetri
203,1.6204425133886156,-2.093627846819614,017.PM152,Vetri
204,1.532173866397864,-2.562931847534913,017.PM152,Vetri
205,1.4953898437018929,-2.6738818294211395,017.PM152,Vetri
206,1.7608068041285518,-2.092917755009884,017.PM152,Vetri
207,2.1634915381961917,-2.41160299313194,017.PM152,Vetri
208,2.127008638167307,-2.033086950160433,017.PM152,Vetri
209,1.5033334293004132,-2.6691416097844556,017.PM152,Vetri
210,1.1767325340251868,-1.9012378598402293,017.PM152,Vetri
211,2.0163344156902427,-2.0502369742439646,017.PM152,Vetri
212,1.8718524548466102,-2.1917839140988677,017.PM152,Vetri
213,2.167129297571777,-1.9863815344588336,017.PM152,Vetri
214,2.060001830302628,-1.8699923791749673,017.PM152,Vetri
215,1.638092338260807,-2.4412386493365195,017.PM152,Vetri
216,1.520059486408894,-2.7366049843022617,017.PM152,Vetri
217,1.9704286828979123,-2.0031003070791424,017.PM152,Vetri
218,1.6605529436432518,-2.0558588351815534,017.PM152,Vetri
219,1.7465913333588592,-2.5549660651768966,017.PM152,Vetri
220,2.1559807402127102,-2.1154400705636847,017.PM152,Vetri
221,1.8433102546079134,-2.498630151363943,017.PM152,Vetri
222,1.254705117237714,-1.9444125153199456,017.PM152,Vetri
223,1.8155096218490692,-2.5619893763271104,017.PM152,Vetri
224,1.8391418930511045,-2.0561915668611337,017.PM152,Vetri
225,1.5609026249656108,-1.9575309774990455,017.PM152,Vetri
226,1.882472292564482,-2.014651689751886,017.PM152,Vetri
227,1.6526715386662059,-2.4745422490291777,017.PM152,Vetri
228,1.9821123315650422,-2.113841398128494,017.PM152,Vetri
229,1.9720327254049577,-2.5239401959707917,017.PM152,Vetri
230,1.7996572879953316,-2.183545451551583,017.PM152,Vetri
231,1.7341024911728897,-2.087357393562967,017.PM152,Vetri
232,1.8717760344992187,-2.105694552587235,017.PM152,Vetri
233,1.454092450834786,-2.1401777274598563,017.PM152,Vetri
234,1.8828644092734659,-1.960333061846527,017.PM152,Vetri
235,1.6679581255772058,-2.219591901173924,017.PM152,Vetri
236,2.115361826130598,-1.8433963928799568,017.PM152,Vetri
237,1.350158716533873,-1.8839415314637766,017.PM152,Vetri
238,1.9948292338320135,-2.4000613398509563,017.PM152,Vetri
239,1.5520150307633438,-2.0836368598679407,017.PM152,Vetri
240,1.716973141728706,-2.153461624311735,017.PM152,Vetri
241,2.424088523422407,-2.4666312106168684,017.PM152,Vetri
242,1.9261716390187011,-2.411571290030191,017.PM152,Vetri
243,2.029693349137564,-2.3750517962596036,017.PM152,Vetri
244,1.4345498358561193,-2.5282006887911113,017.PM152,Vetri
245,2.060048166771606,-3.027001800511049,017.PM152,Vetri
246,1.9020300228634621,-2.496955189345339,017.PM152,Vetri
247,1.8383093293289483,-2.489352740587834,017.PM152,Vetri
248,1.5753151651852406,-2.4329322006078615,017.PM152,Vetri
249,2.070493994204941,-2.9061340309473103,017.PM152,Vetri
250,1.3122493506394248,-2.083174611233898,017.PM152,Vetri
251,1.7223382361514694,-1.7705991034914013,017.PM152,Vetri
252,1.5392904712288629,-2.6339697612913984,017.PM152,Vetri
253,1.5134125149914144,-2.6937364368854797,017.PM152,Vetri
254,1.4238046326096194,-2.644969824022174,017.PM152,Vetri
255,2.2083296328415534,-2.2284730513681574,017.PM152,Vetri
256,1.2091062101854757,-1.952941522447366,017.PM152,Vetri
257,1.7632843858036498,-2.156627630057675,017.PM152,Vetri
258,1.8854788120360184,-2.1650853140107578,017.PM152,Vetri
259,1.7019184742141307,-2.1175418601626985,017.PM152,Vetri
260,1.929527526964188,-2.276136759669228,017.PM152,Vetri
261,2.1316319731986773,-2.041538839817349,017.PM152,Vetri
262,1.841804410520668,-2.886792125844535,017.PM152,Vetri
263,1.694130800833743,-2.423273503467278,017.PM152,Vetri
264,1.2186235991974785,-2.00314671720287,017.PM152,Vetri
265,1.8289515097523987,-2.000599042848525,017.PM152,Vetri
266,2.274594004491032,-2.483460419185473,017.PM152,Vetri
267,1.8250285985347579,-2.162396909819334,017.PM152,Vetri
268,2.198180063175632,-2.2135835147250233,017.PM152,Vetri
269,1.9392277926719799,-2.094042387714396,017.PM152,Vetri
270,2.0610165318179523,-2.447980585094663,017.PM152,Vetri
271,1.6348399402787153,-2.5750772529610066,017.PM152,Vetri
272,1.9463630395722287,-2.7507377337558223,017.PM152,Vetri
273,1.6503863822652574,-1.8849467388856567,017.PM152,Vetri
274,1.8189479092571872,-2.295380312381334,017.PM152,Vetri
275,1.5956459364449376,-2.6259356656880235,017.PM152,Vetri
276,1.7121420533146385,-2.039370040270281,017.PM152,Vetri
277,2.2923843191287703,-2.2917707125247198,017.PM152,Vetri
278,1.4988052985468616,-2.5345122172758936,017.PM152,Vetri
279,1.4947745949539823,-2.6713147282757794,017.PM152,Vetri
280,1.9868578921942703,-1.8366942036489988,017.PM152,Vetri
281,1.4998021195618036,-1.9557617177493571,017.PM152,Vetri
282,2.058929333108121,-2.4410454525378444,017.PM152,Vetri
283,1.7828384649883848,-2.3536589817523708,017.PM152,Vetri
284,2.263388454751214,-2.364998478064382,017.PM152,Vetri
285,1.3054250808630006,-2.0661439599198754,017.PM152,Vetri
286,2.3430026902979644,-2.559172484907005,017.PM152,Vetri
287,2.344303892551733,-2.5592192004646113,017.PM152,Vetri
288,1.8462506084041614,-1.3530581514019142,017.PM152,Vetri
289,1.5781947166138979,-2.584048008339534,017.PM152,Vetri
290,2.207976950792527,-2.0863080435822208,017.PM152,Vetri
291,1.549725670513097,-2.3703275849283485,017.PM152,Vetri
292,1.3330564727719354,-2.133594191003021,017.PM152,Vetri
293,1.3873687549467528,-2.2656199094383194,017.PM152,Vetri
294,2.2879625341147865,-2.4259571584131967,017.PM152,Vetri
295,1.7906219729665913,-2.2297718203625494,017.PM152,Vetri
296,1.8802114506588041,-1.8677901122389342,017.PM152,Vetri
297,1.7036809104799002,-2.159629035305825,017.PM152,Vetri
298,1.8735463103685888,-2.1369388693127727,017.PM152,Vetri
299,1.8088405142313968,-2.125572382110272,017.PM152,Vetri
300,1.7690746028489934,-2.4642316306953735,017.PM152,Vetri
301,1.5042220044044285,-2.694629963979947,017.PM152,Vetri
302,1.4629041045060265,-1.866285510576151,017.PM152,Vetri
303,2.121551024903345,-2.309526971038874,017.PM152,Vetri
304,1.6771866498574264,-1.8061546308920122,017.PM152,Vetri
305,1.6706123047432666,-2.0816660187585754,017.PM152,Vetri
306,1.778530080441226,-2.0520769125754663,017.PM152,Vetri
307,1.5445658312474735,-2.213446484558525,017.PM152,Vetri
308,2.1468515895759883,-1.938232057606062,017.PM152,Vetri
309,2.2243881555615914,-1.9821419819365478,017.PM152,Vetri
310,1.6628587933673653,-1.9177454110221595,017.PM152,Vetri
311,2.0621144131532083,-2.4533444511785665,017.PM152,Vetri
312,1.276466084928992,-2.1411966865146455,017.PM152,Vetri
313,1.8589446708705386,-2.681151976680168,017.PM152,Vetri
314,1.9518178284123,-1.895514482574455,017.PM152,Vetri
315,1.7279299584142145,-2.5101804898371762,017.PM152,Vetri
316,1.458507259992288,-1.859319086885909,017.PM152,Vetri
317,1.8898931433331048,-2.174955425555943,017.PM152,Vetri
318,2.043083786408553,-1.6827779799928717,017.PM152,Vetri
319,1.9386240114257782,-1.7223738709522443,017.PM152,Vetri
320,2.349796423428997,-2.4334695289558983,017.PM152,Vetri
321,1.6210130715190545,-2.1045617786813127,017.PM152,Vetri
322,2.1923739085492233,-1.9059148417128244,017.PM152,Vetri
323,2.0781625835377846,-2.635588328601295,017.PM152,Vetri
324,2.151807411788612,-2.526018771537216,017.PM152,Vetri
325,1.507484489148621,-1.9726042092888014,017.PM152,Vetri
326,1.4418361953443408,-2.1070691603189817,017.PM152,Vetri
327,1.54430426813083,-2.3571962837507283,017.PM152,Vetri
328,1.5200156437175227,-2.2955987851441493,017.PM152,Vetri
329,1.819671926459174,-2.2979690005741418,017.PM152,Vetri
330,1.1120770422005941,-1.8889044739588379,017.PM152,Vetri
331,1.968355608528537,-1.9361049661048306,017.PM152,Vetri
332,1.4486272908360356,-2.707485231520838,017.PM152,Vetri
333,1.3382535256849517,-1.7124596898211712,017.PM152,Vetri
334,2.0092599076001534,-2.321915615589542,017.PM152,Vetri
335,1.6364792408399071,-1.8514013548566894,017.PM152,Vetri
336,2.1150399156812605,-2.1495606436445414,017.PM152,Vetri
337,1.663133267678829,-2.3527650842776917,017.PM152,Vetri
338,1.4554275599281157,-2.287774392709468,017.PM152,Vetri
339,1.9473022182435038,-1.7368085913248077,017.PM152,Vetri
340,2.2057008667699356,-2.0830303111751816,017.PM152,Vetri
341,1.3891562971769331,-2.2684348465374287,017.PM152,Vetri
342,1.4703373370788102,-2.468095044783203,017.PM152,Vetri
343,1.7603326653471376,-2.588153088183415,017.PM152,Vetri
344,2.136693499172595,-2.60411185002592,017.PM152,Vetri
345,1.9599328161160476,-2.429673845596937,017.PM153,Vetri
346,2.0746535514357234,-2.238633595320919,017.PM153,Vetri
347,2.2960264006023534,-2.365691601607912,017.PM153,Vetri
348,2.00937697483765,-2.18472900675803,017.PM153,Vetri
349,2.2182686988786764,-2.1219087731709756,017.PM153,Vetri
350,1.7895525973407065,-2.1198318525220827,017.PM153,Vetri
351,1.8224155304127914,-2.982818145324451,017.PM153,Vetri
352,1.859213926323452,-2.499664248539378,017.PM153,Vetri
353,1.5445943532077242,-2.2058577172941862,017.PM153,Vetri
354,1.65645573537383,-2.320823087209683,017.PM153,Vetri
355,2.202908933493748,-2.189808455810608,017.PM153,Vetri
356,1.3840117157638236,-2.1784814214129575,017.PM153,Vetri
357,1.58908148994011,-2.890284088733375,017.PM153,Vetri
358,1.721134579091247,-2.6286304780744496,017.PM153,Vetri
359,2.1289150471817293,-2.6981572956795863,017.PM154,Vetri
360,1.5520798524678718,-2.1909383174616863,017.PM154,Vetri
361,2.0276969552586204,-1.9464638977983135,017.PM154,Vetri
362,2.1932242110233395,-2.9635276833653603,017.PM154,Vetri
363,1.4745007637927072,-2.7697650950150527,017.PM154,Vetri
364,1.690941832731313,-2.176207133283184,017.PM154,Vetri
365,2.1581494131744545,-2.3267251279075176,090.VSO33,Vetri
366,1.588125255736011,-2.4592974491967636,090.VSO33,Vetri
367,2.334808765787673,-2.680341553200416,090.VSO33,Vetri
368,2.234469585433723,-2.2940290221080746,090.VSO33,Vetri
369,1.886250047556934,-2.242510398261837,090.VSO33,Vetri
370,2.0155673600690744,-2.409257305367781,090.VSO33,Vetri
371,1.6684385544147025,-2.437603829955998,090.VSO33,Vetri
372,1.8698858933470144,-1.693930119476898,090.VSO33,Vetri
373,2.0507678986483557,-1.9176258741873986,090.VSO33,Vetri
374,2.156675703327606,-2.6084935235426134,090.VSO33,Vetri
375,1.8989417232975099,-2.851488839356173,090.VSO33,Vetri
376,1.6106751984448366,-2.0790509330133875,090.VSO33,Vetri
377,1.7779940391173523,-2.1940241069215776,090.VSO33,Vetri
378,1.8551838124322635,-2.456674074134619,090.VSO33,Vetri
379,1.4583488114831866,-2.076014621970349,090.VSO33,Vetri
380,1.514352347696482,-2.646159955921489,090.VSO33,Vetri
381,1.5511378264540792,-2.2974698349592457,090.VSO33,Vetri
382,1.7957062919055051,-2.0236078799477752,090.VSO33,Vetri
383,1.567089068774743,-2.773650057889818,090.VSO33,Vetri
384,1.7970311212061596,-2.535579041176893,090.VSO33,Vetri
385,2.013317357169697,-1.5411304821382972,090.VSO33,Vetri
386,1.9519462763212938,-2.9091634217791214,090.VSO33,Vetri
387,1.439415989559442,-1.885124325129743,090.VSO33,Vetri
388,1.5409439745677698,-2.1298972339159965,090.VSO33,Vetri
389,1.6850010869439993,-2.4776402086906737,090.VSO33,Vetri
390,2.16011069566985,-2.04134288644295,090.VSO33,Vetri
391,1.9862523715345024,-2.1961952954369903,090.VSO33,Vetri
392,1.4523289583844448,-1.9859460016983654,090.VSO33,Vetri
393,1.954992414804035,-1.973405890293602,090.VSO33,Vetri
394,1.6487432361403636,-2.1006564946565995,090.VSO33,Vetri
395,2.1929662524681452,-2.191863074761216,090.VSO33,Vetri
396,1.6830637296895958,-2.332122228914167,090.VSO33,Vetri
397,1.3495907872480741,-2.099917481567756,090.VSO33,Vetri
398,1.6981231686860874,-1.7823653142663591,090.VSO33,Vetri
399,1.8131217641756252,-2.863034828677994,090.VSO33,Vetri
400,2.197385287451361,-2.2768828402908445,090.VSO33,Vetri
401,1.7721133903669672,-1.4590961113828367,090.VSO33,Vetri
402,1.2788662892430163,-2.0056921464316653,090.VSO33,Vetri
403,2.343106032938295,-2.700340611611781,090.VSO33,Vetri
404,2.2901932862095347,-2.501661382824798,090.VSO33,Vetri
405,1.515457630009667,-1.9937280134695565,090.VSO33,Vetri
406,1.434881211474049,-2.3807906109865526,090.VSO33,Vetri
407,1.3227107861503895,-2.183396608964106,090.VSO33,Vetri
408,1.7595040490291018,-2.226393042704116,090.VSO33,Vetri
409,1.5011527976602144,-2.0225177776361383,090.VSO55,Vetri
410,1.9102904009612975,-1.621225766055471,090.VSO55,Vetri
411,1.3872346227326355,-2.374526008451537,090.VSO66,Vetri
412,1.8742539824054494,-2.8567038986212987,090.VSO66,Vetri
413,1.5993338225782554,-2.2910303038222724,090.VST33.SI,Vetri
414,1.401693660603746,-2.5918160969308484,090.VST33.SI,Vetri
415,2.239373484312251,-2.2873602192441895,090.VST33.SI,Vetri
416,1.7454246277245073,-2.177232681943927,090.VST33.SI,Vetri
417,2.059256512742237,-1.698370502198924,090.VST33.SI,Vetri
418,1.9768787369581529,-2.3494400521345993,090.VST33.SI,Vetri
419,1.4694620307601995,-2.050840872539958,090.VST33.SI,Vetri
420,2.29539163419048,-2.19334150007831,090.VST33.SI,Vetri
421,1.8236871295325052,-1.9009324181105214,090.VST33.SI,Vetri
422,1.8073598019479578,-2.4039555644184247,090.VST33.SI,Vetri
423,1.6977612016705346,-2.8406932099320055,090.VST33.SI,Vetri
424,2.1449057945468026,-2.060687733117616,090.VST33.SI,Vetri
425,1.5344203339361882,-2.2070187971614934,090.VST33.SI,Vetri
426,2.0811967419684505,-1.8285461065454858,090.VST33.SI,Vetri
427,1.8153052642202647,-1.8761327934982297,090.VST33.SI,Vetri
428,1.5702613415159028,-2.4519314005212633,090.VST33.SI,Vetri
429,1.8727808883672634,-2.486459482224135,090.VST33.SI,Vetri
430,1.532150453737552,-2.597584897892476,090.VST33.SI,Vetri
431,1.9047000812639328,-1.785577567873534,090.VST33.SI,Vetri
432,1.8752579335690864,-2.2608707428019055,090.VST33.SI,Vetri
433,2.3004343556633584,-2.206387623902947,090.VST33.SI,Vetri
434,2.1677203069661353,-2.192197188217258,090.VST33.SI,Vetri
435,1.6076839631545454,-2.3060411038638096,090.VST33.SI,Vetri
436,1.167258853325707,-1.8660075008632133,090.VST33.SI,Vetri
437,1.8888162872088503,-2.1331587185009733,090.VST33.SI,Vetri
438,1.8843599890766691,-1.8915908684566003,090.VST33.SI,Vetri
439,1.9134031982701882,-2.425053293162243,090.VST33.SI,Vetri
440,1.6699131940445475,-2.6958749536961095,090.VST33.SI,Vetri
441,1.5920929683811407,-2.1165235634644706,090.VST33.SI,Vetri
442,2.0749833794903485,-2.2744245906460763,090.VST33.SI,Vetri
443,1.3372844408752185,-1.9648804637542203,090.VST33.SI,Vetri
444,1.3122463341633417,-1.822440860638752,090.VST33.SI,Vetri
445,1.743668900160637,-1.8586336679678754,090.VST33.SI,Vetri
446,1.9591248325417463,-2.538748304189301,090.VST33.SI,Vetri
447,1.5263411529882407,-2.5838677164248818,090.VST33.SI,Vetri
448,1.6951033120581356,-1.977320804424613,090.VST33.SI,Vetri
449,1.4444871566293231,-2.304057855740389,090.VST33.SI,Vetri
450,2.3183345141818954,-2.4061472077921646,090.VST33.SI,Vetri
451,1.365743373140196,-2.3489086681536184,090.VST33.SI,Vetri
452,2.0942612769744344,-2.6304930299446574,090.VST33.SI,Vetri
453,1.700156764011612,-2.2199575785431254,090.VST33.SI,Vetri
454,2.149095970457687,-1.9592875800913632,090.VST33,Vetri
455,1.5112940680531572,-2.002865699075628,090.VST33,Vetri
456,2.1435512257889435,-2.2611799164626567,090.VST33,Vetri
457,1.5068232369839722,-1.8850054858151,090.VST33,Vetri
458,1.5550219877608404,-2.6433888959580267,090.VST33,Vetri
459,1.405832003037168,-2.4973425978016333,090.VST33,Vetri
460,1.4903191599140508,-2.6993111181874134,090.VST33,Vetri
461,1.6845538587669244,-2.6367459316661126,090.VST33,Vetri
462,1.461728339334984,-2.5224127555134155,090.VST33,Vetri
463,1.6371532806872364,-2.51963856953364,090.VST33,Vetri
464,1.5639140205167126,-2.129130007774343,090.VST33,Vetri
465,1.7498704680957056,-2.155087530576607,090.VST33,Vetri
466,1.4650938104006739,-2.428342624619462,090.VST33,Vetri
467,1.6142014371898514,-2.037162347992788,090.VST33,Vetri
468,1.890133268959839,-2.176126434801409,090.VST33,Vetri
469,1.5591515151679252,-2.2228638040830986,090.VST33,Vetri
470,2.0457354189772747,-2.1247061768568436,090.VST33,Vetri
471,1.4614787127215625,-2.629527260964794,090.VST33,Vetri
472,1.7069511942431468,-2.4755341164818288,090.VST33,Vetri
473,2.323147539556503,-2.485462682134611,090.VST33,Vetri
474,1.7404878087892166,-2.131311592394124,090.VST33,Vetri
475,1.915404495853048,-2.662650815541386,090.VST33,Vetri
476,1.5620655865769824,-2.338519665720635,090.VST33,Vetri
477,2.1118714245622514,-2.3970281957016573,090.VST33,Vetri
478,1.6311731189803986,-1.9707283347857703,090.VST33,Vetri
479,1.9769215039877746,-2.3841992000076435,090.VST33,Vetri
480,2.1005006793485093,-1.7358199528808942,090.VST33,Vetri
481,1.7122524438373938,-2.0637865475593387,090.VST33,Vetri
482,1.7470149701184874,-2.149103047789301,090.VST33,Vetri
483,1.7038457831534375,-2.6826790692773095,090.VST33,Vetri
484,1.878760896382755,-2.2537628366456293,090.VST33,Vetri
485,2.079114841295886,-2.8507046132110707,090.VST33,Vetri
486,2.0798823837330858,-2.63651886587122,090.VST33,Vetri
487,2.157372480256978,-2.0816951566679243,090.VST33,Vetri
488,1.5940538256566381,-2.2030387174730683,090.VST33,Vetri
489,2.1312768597712584,-2.0195532196309514,090.VST33,Vetri
490,1.5820380781908248,-2.9220403127149694,090.VST33,Vetri
491,1.9235755547613278,-2.044085127951976,090.VST33,Vetri
492,1.8740035188613382,-2.4550943380531325,090.VST33,Vetri
493,2.180007069735596,-2.3495374296492724,090.VST33,Vetri
494,1.366617426330835,-1.8658488474438861,090.VST33,Vetri
495,1.626594755362587,-2.282533701472556,090.VST33,Vetri
496,1.5118326570046912,-2.3236023689084373,090.VST33,Vetri
497,1.8302247421928248,-2.2434011982090687,090.VST33,Vetri
498,2.0187059207017004,-2.699051723040214,090.VST33,Vetri
499,1.1988733116035097,-2.1012241213233884,090.VST33,Vetri
500,1.396825683697265,-2.3667387068347434,090.VST33,Vetri
501,1.9332688978166779,-2.1746209628170488,090.VST33,Vetri
502,1.838084129738964,-1.7319778137869302,090.VST33,Vetri
503,1.6829316422364484,-2.0958838196591008,090.VST33,Vetri
504,2.2966865578481404,-2.31356309593078,090.VST33,Vetri
505,1.7260050727388971,-1.8806919550175882,090.VST33,Vetri
506,2.109267838442079,-2.708202146805453,090.VST33,Vetri
507,1.9986213547263838,-2.0142662426459514,090.VST33,Vetri
508,1.9834362274697688,-1.6609375335170262,090.VST33,Vetri
509,2.206205169356695,-2.5180465989238545,090.VST33,Vetri
510,1.5370001784377545,-2.0647929004985413,090.VST33,Vetri
511,1.4318290316718305,-2.5611030561363024,090.VST33,Vetri
512,1.884828131184161,-1.5231534778082525,090.VST33,Vetri
513,1.7107156590219341,-2.58972494697458,090.VST33,Vetri
514,1.283011857706351,-2.087666279838745,090.VST33,Vetri
515,1.9707858265469793,-2.051700519247159,090.VST33,Vetri
516,1.8621863900990292,-2.1072605994436073,090.VST33,Vetri
517,2.0953888210444562,-2.9917315147264882,090.VST33,Vetri
518,2.102556383741079,-2.266302276525261,090.VST33,Vetri
519,1.5844374179490974,-1.9637092622951928,090.VST33,Vetri
520,1.6485921842993863,-1.911322306668105,090.VST33,Vetri
521,1.7514062946062356,-1.943833299441544,090.VST33,Vetri
522,1.6401290627414566,-2.527675541013568,090.VST33,Vetri
523,1.4381464234349566,-2.2510452816222375,090.VST33,Vetri
524,1.6653654024721682,-2.053102876739237,090.VST33,Vetri
525,2.072274751450411,-2.1942488062639023,090.VST33,Vetri
526,1.8111919829658827,-1.98475229265776,090.VST33,Vetri
527,1.4376953823646277,-2.2518718647220584,090.VST33,Vetri
528,1.872975601107868,-1.9249132375880482,090.VST33,Vetri
529,1.534264945187363,-2.056588973109238,090.VST33,Vetri
530,1.9546801738896111,-2.3307084535007268,090.VST33,Vetri
531,2.28731239224138,-2.1875876604267357,090.VST33,Vetri
532,1.9492349530205157,-2.106280367049072,090.VST33,Vetri
533,2.36133234720565,-2.368742146833586,090.VST33,Vetri
534,2.2453999296835914,-2.2940305110805492,090.VST33,Vetri
535,1.798785843494554,-1.8513525901478631,090.VST33,Vetri
536,1.6279845889060176,-2.0740013853734776,090.VST33,Vetri
537,1.8463107265089687,-1.9614626584496926,090.VST33,Vetri
538,1.424642193502206,-2.4346153138076514,090.VST33,Vetri
539,1.7393535813675238,-2.449235515054549,090.VST33,Vetri
540,1.5380376483273006,-2.707903803039466,090.VST33,Vetri
541,1.7289585785611976,-2.4240434508419324,090.VST33,Vetri
542,2.0556536687584934,-2.045153510639321,090.VST33,Vetri
543,1.9274790228070322,-2.0558274433297727,090.VST33,Vetri
544,1.6483807508918067,-2.762554759049182,090.VST33,Vetri
545,1.3525874984731037,-2.4212684517439005,090.VST55.SI,Vetri
546,1.9712817344488514,-2.3999286488373515,090.VST55.SI,Vetri
547,1.811877402265684,-2.453738851144817,090.VST55,Vetri
548,1.4295594560112797,-1.9502224962802464,090.VST55,Vetri
549,1.883901643255394,-2.6437436518300688,090.VST66.SI,Vetri
550,2.218418695449789,-2.1919919677122777,090.VST66.SI,Vetri
551,2.2783926297525094,-2.617329257157849,090.VST66,Vetri
552,1.8308700443128303,-2.494298249692125,090.VST66,Vetri
553,1.4487505339675923,-2.5738406239405514,090.VTT10,Vetri
554,2.2749825250166875,-2.1065839810371587,090.VTT10,Vetri
555,2.277504232028615,-2.2664918771029416,090.VTT12,Vetri
556,2.1733638509116084,-2.270156619374615,090.VTT12,Vetri
557,1.5705231382523417,-1.9758265386509704,090.VTT6,Vetri
558,1.8133203107410714,-2.281717567064784,090.VTT6,Vetri
559,2.129980009564078,-2.5969056779212543,090.VTT6,Vetri
560,1.373078852754827,-2.5227023613562105,090.VTT6,Vetri
561,1.3001214994301453,-2.001839855248237,090.VTT6,Vetri
562,2.1261904807667156,-2.3641427819043384,090.VTT6,Vetri
563,1.9540326396057799,-2.055305513534685,090.VTT6,Vetri
564,2.191951525661879,-1.9590493562207825,090.VTT6,Vetri
565,2.0022791125653048,-2.515637884450451,090.VTT6,Vetri
566,1.8733840115104843,-1.6351090336694403,090.VTT6,Vetri
567,1.9460336624835362,-1.9814553274798365,090.VTT6,Vetri
568,1.9404405721208309,-1.7975434478472463,090.VTT6,Vetri
569,1.6247365458858838,-2.5635573157081746,090.VTT6,Vetri
570,1.4120281505275978,-2.162504749684551,090.VTT6,Vetri
571,2.096293310533823,-2.28916705543484,090.VTT6,Vetri
572,1.5272936980658727,-1.8726328591601538,090.VTT6,Vetri
573,1.8902076004569361,-2.5830902080742324,090.VTT6,Vetri
574,1.6046916144197572,-2.3431347292784737,090.VTT6,Vetri
575,2.0220844995473666,-2.55991878430125,090.VTT6,Vetri
576,1.8110771317386012,-1.9967230164129954,090.VTT6,Vetri
577,2.060011208036054,-2.150344959892976,017.PM106.001,Ante vetro
578,1.858374014376307,-2.04133837675059,017.PM106.002,Ante vetro
579,2.186607037746712,-2.103340625194907,017.PM106.005,Ante vetro
580,1.7656032255050316,-2.614975491377973,017.PM106.006,Ante vetro
581,1.3911913137278622,-1.9750765188132449,017.PM106.008,Ante vetro
582,2.1900633591076657,-2.1725091662051326,017.PM106.009,Ante vetro
583,1.9315404527724769,-2.2352615693412656,017.PM106.010,Ante vetro
584,1.9162048973288428,-1.5721264763400256,017.PM106.011,Ante vetro
585,1.9132913403350613,-2.8152756482186723,017.PM106.012,Ante vetro
586,1.4189301310505709,-2.412850578924,017.PM106.014,Ante vetro
587,1.279812608190483,-2.002896286753857,017.PM106.015,Ante vetro
588,1.6722685992659339,-2.2780000809673866,017.PM106.016,Ante vetro
589,1.6455835599254778,-2.142940193264298,017.PM106.018,Ante vetro
590,2.1857628549275003,-1.9301938915808379,017.PM108.001,Ante vetro
591,2.0521042631391246,-2.025962418932897,092.ANTASCTR.01,Ante vetro
592,2.1028929035539465,-2.3859108927074413,092.ANTASCTR.02,Ante vetro
593,1.851824159816426,-2.395435671346697,092.ANTASCTR.03,Ante vetro
594,1.4562152816366967,-2.53495844962551,092.ANTASCTR.04,Ante vetro
595,2.1084763789127225,-1.9019631287340086,092.ANTASCTR.05,Ante vetro
596,1.9290602602087459,-2.4514651750928724,092.ANTASCTR.06,Ante vetro
597,1.787198766169989,-2.1078052231914737,028.A11AVDX,Ante vetro
598,1.324256040447158,-2.331548059795141,028.A11AVSX,Ante vetro
599,1.585988656164822,-2.4989299383723584,017.PM107.001,Ante vetro
600,1.3140617976955742,-2.222971949707967,017.PM107.002,Ante vetro
601,1.3019203404553428,-1.9549008007838098,017.PM107.003,Ante vetro
602,1.3988649474544368,-2.53122038317031,017.PM107.004,Ante vetro
603,1.5720647273862702,-1.879262174914678,017.PM107.009,Ante vetro
604,1.927468409477364,-2.496717749233701,017.PM107.011,Ante vetro
605,2.0704160196051045,-2.509230074826413,017.PM107.012,Ante vetro
606,2.209090957840742,-2.294937628139195,017.PM107.015,Ante vetro
607,2.011960747333329,-2.5657669690802885,017.PM107.017,Ante vetro
608,2.1283544257279776,-2.229415895179486,017.PM107.019,Ante vetro
609,2.0554770491652268,-1.6600847500006117,017.PM107.020,Ante vetro
610,2.0735028454781426,-2.4746984077024727,017.PM107.021,Ante vetro
611,1.6075714633009395,-2.7669266778264268,017.PM107.022,Ante vetro
612,1.6497251875625074,-1.6547111966751242,017.PM107.023,Ante vetro
613,1.489122590740016,-2.1410498629158896,017.PM107.029,Ante vetro
614,2.409140229575549,-2.8169046429379554,017.PM107.030,Ante vetro
615,1.320682744733964,-2.380064957070485,017.PM109.001,Ante vetro
616,2.0139655692389873,-1.975324341686615,092.ANTASCOP.01D,Ante vetro
617,1.7581510298354501,-2.5544142962816294,092.ANTASCOP.01S,Ante vetro
618,2.0333391671085477,-2.338356463077394,092.ANTASCOP.02S,Ante vetro
619,1.4927355075444182,-2.0953523013066238,092.ANTASCOP.04D,Ante vetro
620,-3.383377713629288,1.9903726944172637,045.OB.P1T,Visive
621,-3.779628257530477,2.5874727736637033,045.OB.P2T,Visive
622,-1.9389920869096107,1.5501023903210551,045.OB.V1T,Visive
623,-2.0765877718624783,3.10911048965724,045.OB.V2T,Visive
624,-4.00109653163194,2.9512955895612887,045.OB.V3O,Visive
625,-0.6259756837182825,2.2711382795024786,045.OB.V3T,Visive
626,-2.6817475302179106,2.9129195563228016,052.MP.VT.HPL.TR.62.01,Visive
627,-1.0927417711538936,1.3329837898488655,052.MP.VT.HPL.TR.62.02,Visive
628,-1.0695913600347031,3.0197113394996453,052.MP.VT.HPL.TR.62.03,Visive
629,-1.6718459925455418,3.8310911873935303,052.MP.VT.MET.TR.45.01,Visive
630,-1.7359910668048288,4.1122723286542024,052.MP.VT.MET.TR.45.02,Visive
631,-3.5891464050322712,4.068542727990811,052.MP.VT.MET.TR.45.03,Visive
632,-2.353598622138945,4.7446389515668805,052.MP.VT.MET.TR.62.01,Visive
633,-2.591218025779466,3.455073435520759,052.MP.VT.MET.TR.62.02,Visive
634,-3.186341927689784,2.6373553283998117,052.MP.VT.PBX.TR.45.01,Visive
635,-1.8174475835872554,2.9508911884394013,052.MP.VT.PBX.TR.45.02,Visive
636,-1.5131949306407684,2.1750951659398723,052.MP.VT.PBX.TR.45.03,Visive
637,-2.9261491358009013,2.911340583359396,052.MP.VT.PBX.TR.62.01,Visive
638,-2.205684953700882,2.8108814808904907,052.MP.VT.PBX.TR.62.02,Visive
639,-3.2359521317612017,3.1000604566555356,052.MP.VT.PBX.TR.62.03,Visive
640,-2.903561935160026,4.263996669504332,052.MP.VT.POR.TR.45.01,Visive
641,-2.0714518002244815,4.237635151719024,052.MP.VT.POR.TR.45.04,Visive
642,-1.887460339651084,4.0715088139800475,052.MP.VT.POR.TR.45.05,Visive
643,-2.2450502467596767,3.87034590791709,052.MP.VT.POR.TR.62.01,Visive
644,-2.369423555838351,3.380965492783464,052.MP.VT.POR.TR.62.02,Visive
645,-3.1738431913584133,4.544797187498298,052.MP.VT.POR.TR.62.04,Visive
646,-3.953864802641975,2.5287821867288667,052.MP.VT.POR.TR.62.05,Visive
647,-2.359849991422817,4.087648840026771,062.OB.P2T,Visive
648,-1.5398784346886478,3.757259696980977,062.OB.V2T,Visive
649,-1.7443589224195901,3.6051891103441323,062.OB.V5T,Visive
650,-0.7476896515923215,0.2350391148944172,017.PM105.01,Ante Acciaio
651,-0.3356793081593357,0.5422520250359969,017.PM105.03,Ante Acciaio
652,-0.4616899115426838,0.7585411062556947,017.PM105.05,Ante Acciaio
653,-0.014167074257132881,0.6690370658123497,017.PM105.07,Ante Acciaio
654,-0.4911172392166961,0.9015086374873043,017.PM105.09,Ante Acciaio
655,-0.7186722887546797,0.4482139300560788,017.PM105.11,Ante Acciaio
656,-0.27969211799908245,0.5268791795126166,017.PM105.13,Ante Acciaio
657,-0.20504264989533233,1.046692982839021,017.PM105.15,Ante Acciaio
658,-0.3313843914073082,0.8387984566518712,017.PM105.25,Ante Acciaio
659,-0.4473556531551871,0.6205435840998162,017.PM105.26,Ante Acciaio
660,-0.1794060655115047,0.772698901651178,017.PM105.30,Ante Acciaio
661,-0.4842506500018723,0.17836410248587947,017.PM105.31,Ante Acciaio
662,-0.1796472731716587,0.7982333471217365,017.PM105.32,Ante Acciaio
663,-0.4091060058170144,0.13391082656225553,017.PM105.33,Ante Acciaio
664,-0.3386193261177591,0.796597631941575,017.PM105.34,Ante Acciaio
665,-0.38802062402003307,0.39948708748161504,017.PM105.35,Ante Acciaio
666,-0.22097727379177293,0.9806589950695549,017.PM105.36,Ante Acciaio
667,-0.2444309339924782,0.8214324868564051,017.PM110.001,Ante Acciaio
668,-0.6591533639045499,0.2783728722787073,017.PM110.001,Ante Acciaio
669,-0.5902018218917818,0.04870149898484742,017.PM110.002,Ante Acciaio
670,-0.06215843694450709,0.6551095993482635,017.PM110.002,Ante Acciaio
671,-0.1530464997787179,-0.3922448988035011,091.NW2188,Profili Alluminio Flux
672,-0.507198110986763,1.2017496187323504,091.NW2191,Profili Alluminio Flux
673,-1.0233905335619615,0.9088387944737408,091.NW2530,Profili Alluminio Flux
674,-0.4376210449983727,-1.283221295834768,091.NW2531,Profili Alluminio Flux
675,-0.2294941850927078,-0.024544732786459873,091.NW2535,Profili Alluminio Flux
676,-0.04070179919481154,0.5373589796495114,091.NW2545,Profili Alluminio Flux
677,-0.7453574222977873,0.6127790750753701,091.NW2547,Profili Alluminio Flux
678,-0.18178909430272405,0.2279509705958281,091.NW2600,Profili Alluminio Flux
679,-0.4456551685171363,0.6237656655019264,091.NW2601,Profili Alluminio Flux
680,-0.5030934439092262,1.1940235796201306,091.NW2602,Profili Alluminio Flux
681,-0.6379942794893814,0.6355028100034847,091.NW2603,Profili Alluminio Flux
682,-0.117559906668158,0.5113347221496626,091.NW2604,Profili Alluminio Flux
683,-0.05887807341739807,0.6903868488775925,091.NW2605,Profili Alluminio Flux
684,-0.4367893246405637,0.44453046022170867,091.NW2606,Profili Alluminio Flux
685,-0.3469351564719167,0.11171957632649265,091.NW2607,Profili Alluminio Flux
686,-0.3951528409837297,0.7718769725181779,091.NW2608,Profili Alluminio Flux
687,-0.202016319675347,0.462028990763267,091.NW2609,Profili Alluminio Flux
688,-1.3871126532505944,0.6643304033947843,091.NW2610,Profili Alluminio Flux
689,-0.16770339631467704,0.9279789381799798,091.NW2611,Profili Alluminio Flux
690,-0.36629838085638,1.0263467935799782,091.NW2612,Profili Alluminio Flux
691,-0.46622146926967273,0.5292481056603586,091.NW2613,Profili Alluminio Flux
692,-0.7203912357241574,0.6970306050706954,091.NW2614,Profili Alluminio Flux
693,-0.017359412967373953,0.6186569900497919,091.NW2615,Profili Alluminio Flux
694,-0.5512975558906127,0.4598909002135822,091.NW2616,Profili Alluminio Flux
695,-0.5554880511827757,0.31774478141966284,091.NW2617,Profili Alluminio Flux
696,-0.588437772591655,1.0721817857345193,091.NW2618,Profili Alluminio Flux
697,-0.29186481800957204,0.9137302524576384,091.NW2619,Profili Alluminio Flux
698,2.2116735047022305,-3.158554026123189,091.N1037,Profili Alluminio Flux 2
699,2.0416815730309525,-3.5992923749638526,091.N1038,Profili Alluminio Flux 2
700,3.7844061651654846,-5.245279809660283,091.N1039,Profili Alluminio Flux 2
701,2.947082208512606,-3.8678370345548254,091.N1040,Profili Alluminio Flux 2
702,2.4019090917345887,-3.589010672422487,091.N1041,Profili Alluminio Flux 2
703,2.957329038457192,-3.0319635327546868,091.N1042,Profili Alluminio Flux 2
704,2.9565444316527305,-4.5703356406935365,091.N1043,Profili Alluminio Flux 2
705,2.0142642620357534,-4.301743174229739,091.N1044,Profili Alluminio Flux 2
706,3.2880419147380193,-3.100253042212321,091.N1045,Profili Alluminio Flux 2
707,2.906043311580686,-3.168567487094574,091.N1046,Profili Alluminio Flux 2
708,3.44449508186489,-2.824052871397158,091.N1047,Profili Alluminio Flux 2
709,2.406310889442845,-4.228517152929455,091.N1060,Profili Alluminio Flux 2
710,-1.1809099740820754,2.7385171791855534,052.MP.002,Profili Alluminio Kybos
711,-2.462274650798606,1.788885128619773,052.MP.004,Profili Alluminio Kybos
712,-0.6416703469963464,1.8090415920237835,052.MP.005,Profili Alluminio Kybos
713,-2.077054089963352,1.4462888716135387,052.MP.022,Profili Alluminio Kybos
714,-1.7321915263606917,1.8934230823105433,052.MP.023,Profili Alluminio Kybos
715,-0.7648314820035367,2.5438529937434264,052.MP.024,Profili Alluminio Kybos
716,-1.805001280068479,1.921548654861995,052.MP.025,Profili Alluminio Kybos
717,-2.7400769393351827,2.3222109277245644,052.MP.027,Profili Alluminio Kybos
718,-1.9286637408610867,2.497137740540459,052.MP.028,Profili Alluminio Kybos
719,-2.744578441469142,2.7257902105621676,052.MP.031,Profili Alluminio Kybos
720,-1.62069709295301,2.1790139442785383,052.MP.032,Profili Alluminio Kybos
721,-0.908304915562602,2.800312517242379,052.MP.061,Profili Alluminio Kybos
722,-1.616427417403603,2.2718560046283742,052.MP.065,Profili Alluminio Kybos
723,-1.8047202614336821,0.03517542522204155,052.MP.067,Profili Alluminio Kybos
724,-0.8517174676261435,2.0400861810175672,052.MP.068,Profili Alluminio Kybos
725,-1.903488234593785,2.1467062900768985,052.MP.089,Profili Alluminio Kybos
726,-2.6786428952708397,2.484184073024909,052.MP.090,Profili Alluminio Kybos
727,-2.642046860591843,2.8866789723796598,052.MP.091,Profili Alluminio Kybos
728,-0.07050546092262518,1.282265852575869,052.MP.092,Profili Alluminio Kybos
729,-1.7578240963874554,2.359585317662688,052.MP.11492,Profili Alluminio Kybos
730,-1.3556215475633193,1.9473911340631127,052.MP.11493,Profili Alluminio Kybos
731,-2.2572799832939823,2.257656249206135,052.MP.11494,Profili Alluminio Kybos
732,-0.8833878675998308,2.1728208557791153,052.MP.11495,Profili Alluminio Kybos
733,-0.6970175455449353,2.3009199515935332,052.MP.11496,Profili Alluminio Kybos
734,-2.4369239970751764,1.841628292914484,052.MP.11497,Profili Alluminio Kybos
735,-1.6520012585387753,1.1042887499568368,052.MP.11498,Profili Alluminio Kybos
736,-1.895521634007424,2.262118270921468,052.MP.11514,Profili Alluminio Kybos
737,-2.20353599195584,1.8180749071097462,052.MP.937,Profili Alluminio Kybos
738,-0.8356974192989178,1.5835432286478994,052.MP.938,Profili Alluminio Kybos
739,-2.5322340373578993,4.314756768797898,017.PM001,MP Acciaio
740,-4.234973166773071,2.937065051340035,017.PM001,MP Acciaio
741,-1.5599129467113657,4.601868809086002,017.PM001,MP Acciaio
742,-2.5383573855978807,4.3065900351274315,017.PM001,MP Acciaio
743,-2.6808707379971675,4.661938932821558,017.PM001,MP Acciaio
744,-2.9452541803533903,2.5904798719993067,017.PM001,MP Acciaio
745,-2.242402645013317,3.5952471477368655,017.PM001,MP Acciaio
746,-3.3767958339394197,3.6369929479182064,017.PM001,MP Acciaio
747,-3.075713125345899,2.9059484701367837,017.PM001,MP Acciaio
748,-2.5376910217299917,4.3235637045226785,017.PM001,MP Acciaio
749,-2.941207093110803,2.572906678201843,017.PM001,MP Acciaio
750,-1.5386996359178642,1.879614787351146,017.PM001,MP Acciaio
751,-2.0886288023946826,3.2275469000600676,017.PM001,MP Acciaio
752,-2.822697315553316,5.011670482341141,017.PM001,MP Acciaio
753,-2.1024425052768425,3.2621705127885714,017.PM001,MP Acciaio
754,-1.1364008457120467,3.5768873957385154,017.PM001,MP Acciaio
755,-3.661283206429673,4.329941239928195,017.PM001,MP Acciaio
756,-4.133601417950284,5.474098015143044,017.PM001,MP Acciaio
757,-0.18455385600790278,1.2641314058515334,017.PM001,MP Acciaio
758,-2.2364542401616276,3.5737388671723553,017.PM001,MP Acciaio
759,-3.2337331185743787,3.2799739573563675,017.PM001,MP Acciaio
760,-4.536931194946981,3.6822886450334784,017.PM001,MP Acciaio
761,-4.238600844824911,2.9552371758400264,017.PM001,MP Acciaio
762,-1.1286001682492337,3.5531186819596545,017.PM001,MP Acciaio
763,-3.949177602096094,2.2593033551734005,017.PM001,MP Acciaio
764,-3.214852534666664,3.2480644889002726,017.PM001,MP Acciaio
765,-1.9630907184953421,2.9346659743028,017.PM001,MP Acciaio
766,-3.3808099757790426,3.6434146638024543,017.PM001,MP Acciaio
767,-2.690956376085623,4.677344418824579,017.PM001,MP Acciaio
768,-2.5245106431131696,1.5658845704818043,017.PM001,MP Acciaio
769,-1.805584529935105,2.53668838851651,017.PM001,MP Acciaio
770,-2.5340088971351746,4.294344383347205,017.PM002.08,MP Acciaio
771,-3.975875120917985,5.087456149833827,017.PM002.10,MP Acciaio
772,-2.392796785722881,3.9532186692970854,017.PM002.15,MP Acciaio
773,-2.939564771842308,2.5841453736326567,017.PM002.20,MP Acciaio
774,-1.6819719024014903,2.238390683506711,017.PM002.30,MP Acciaio
775,-4.668848290419353,4.002174698879203,017.PM002.40,MP Acciaio
776,-2.093388244027087,3.2372769868276814,017.PM002.50,MP Acciaio
777,-3.2134708476369456,3.2375426659329816,017.PM002.60,MP Acciaio
778,-3.383269813343103,3.6534733315110923,017.PM002.100,MP Acciaio
779,-3.2345157669997593,3.283894208695704,017.PM002,MP Acciaio
780,-1.1276251538029844,3.5578077019628864,017.PM002,MP Acciaio
781,-2.3754519329986072,3.9242818085889,017.PM002,MP Acciaio
782,-2.9290339339913882,2.5428784922612055,017.PM002,MP Acciaio
783,-4.834537419121071,4.402978816943245,017.PM002,MP Acciaio
784,-3.5251224346572925,3.990265222880736,017.PM002,MP Acciaio
785,-3.3710931148111993,3.6236142263655418,017.PM002,MP Acciaio
786,-3.6784100320146336,4.38018618624478,017.PM002,MP Acciaio
787,-2.8246315041689942,5.001749169638607,017.PM002,MP Acciaio
788,-4.676833230577591,4.017320903563677,017.PM002,MP Acciaio
789,-1.7375674676495036,2.98225550719563,017.PM005,MP Acciaio
790,-3.050437573793438,4.09564121105006,017.PM005,MP Acciaio
791,-1.772125806464683,5.111107741031324,017.PM005,MP Acciaio
792,-0.8000291191870613,2.755569474674022,017.PM005,MP Acciaio
793,-3.042947517561935,4.087944791035192,017.PM005,MP Acciaio
794,-1.7705618777837535,5.113303919226112,017.PM005,MP Acciaio
795,-3.047805400866157,4.097476123556112,017.PM005,MP Acciaio
796,-3.3755858727264254,2.775447717102211,017.PM005,MP Acciaio
797,-1.7763296541388018,5.113102717490504,017.PM005,MP Acciaio
798,-2.2789913683002676,2.2256288031882026,017.PM005,MP Acciaio
799,-4.137978116251367,2.4928753758032047,017.PM005,MP Acciaio
800,-3.2823360043552356,4.659078383577962,017.PM005,MP Acciaio
801,-3.159343075758748,4.370610483068791,017.PM005,MP Acciaio
802,-4.58823230802447,3.5965316739742863,017.PM005,MP Acciaio
803,-3.0324314163373214,1.9523197336824127,017.PM005,MP Acciaio
804,-3.2595969666869045,2.503951637282245,017.PM005,MP Acciaio
805,-3.0488627545662554,4.09173066921272,017.PM005,MP Acciaio
806,-2.8168358319189837,3.530789137990667,017.PM005,MP Acciaio
807,-1.9706640368500754,3.5501819188570827,017.PM005,MP Acciaio
808,-3.0442674008733546,1.9757121999914204,017.PM005,MP Acciaio
809,-3.1711434316280847,4.398198997898224,017.PM005,MP Acciaio
810,-2.7146296601594715,3.2796825155280205,017.PM005,MP Acciaio
811,-2.2997639873556586,4.356636715806678,017.PM005,MP Acciaio
812,-3.3888150448250833,2.812362770292652,017.PM005,MP Acciaio
813,-1.5191063114863104,2.4625153832430815,017.PM005,MP Acciaio
814,-4.292319644099953,5.020210854838488,017.PM005,MP Acciaio
815,-1.6457283929614237,2.7621259388507724,017.PM005,MP Acciaio
816,-2.2961688352404552,4.353988937486329,017.PM005,MP Acciaio
817,-2.0768074812998623,1.735259262141133,017.PM005,MP Acciaio
818,-2.6053150909864997,3.025159837302926,017.PM005,MP Acciaio
819,-0.6977176649799904,2.510962828134704,017.PM005,MP Acciaio
820,-3.9419228499595835,4.159525688387657,017.PM005,MP Acciaio
821,-1.4383120431417824,4.306915113413859,017.PM005,MP Acciaio
822,-3.2946695153329273,4.7683121990817545,017.PM005,MP Acciaio
823,-3.2002064914770436,3.1459012445776575,017.PM005,MP Acciaio
824,-1.2072679404063948,1.7046009600245629,017.PM005,MP Acciaio
825,-3.3765696290630123,4.960694494387537,017.PM005,MP Acciaio
826,-2.453079105060086,5.434599274588177,017.PM005,MP Acciaio
827,-2.1733327605804247,4.048736593920112,017.PM005,MP Acciaio
828,-3.040747183931136,1.975902835485389,017.PM005,MP Acciaio
829,-1.3120651890695487,3.9942091725209603,017.PM005,MP Acciaio
830,-2.6136232719055643,0.935002084845421,017.PM006.08,MP Acciaio
831,-3.699816435976961,3.5791071772518364,017.PM006.08,MP Acciaio
832,-2.9362764299400625,3.823345323368331,017.PM006.08,MP Acciaio
833,-3.4866874874178215,3.049576066934659,017.PM006.08,MP Acciaio
834,-2.8391927407211224,2.274514500085221,017.PM006.08,MP Acciaio
835,-3.700235009312375,2.9557683126939596,017.PM006.08,MP Acciaio
836,-3.7043761699323277,3.5798866948487498,017.PM006,MP Acciaio
837,-2.065640844315305,3.780674193835342,017.PM006,MP Acciaio
838,-3.714481806530098,1.4584982382409448,017.PM006,MP Acciaio
839,-4.038139259731944,2.2632513696807433,017.PM006,MP Acciaio
840,-1.9642087688216077,1.4623161092973005,017.PM006,MP Acciaio
841,-1.5523004782161562,4.574280218608776,017.PM006,MP Acciaio
842,-2.2920180918719897,4.336731057243831,017.PM006,MP Acciaio
843,-2.9346965497087782,3.822867330335883,017.PM006,MP Acciaio
844,-4.284367306090285,4.995008936017784,017.PM006,MP Acciaio
845,-1.1104820868165084,3.5040471887986278,017.PM006,MP Acciaio
846,-3.366920464094921,2.769927959308979,017.PM006,MP Acciaio
847,-3.820077351488395,3.8637437703776487,017.PM006,MP Acciaio
848,-2.122421483673156,5.9640314096511595,017.PM006,MP Acciaio
849,-3.0368572634252926,4.076577024340164,017.PM006,MP Acciaio
850,-2.930261041457392,3.8156236842126536,017.PM006,MP Acciaio
851,-4.052460020200764,4.428809139257951,017.PM006,MP Acciaio
852,-3.1405113771348128,2.225873816453948,017.PM006,MP Acciaio
853,-3.159249404422918,4.370525139621704,017.PM006,MP Acciaio
854,-3.7097145771703195,3.590053545008699,017.PM006,MP Acciaio
855,-2.4304379242587624,4.663869926151825,017.PM006,MP Acciaio
856,-3.8154161290361124,3.8560451329619645,017.PM006,MP Acciaio
857,-2.7084726917752175,3.2705398758630744,017.PM006,MP Acciaio
858,-3.59494626765937,3.316415156098446,017.PM006,MP Acciaio
859,-2.9370580852002277,1.717907508169198,017.PM006,MP Acciaio
860,-3.3758465754678424,2.7880902696819283,017.PM006,MP Acciaio
861,-3.4029333890970115,4.95750643005838,017.PM006,MP Acciaio
862,-3.5815926259401336,3.2863143643757455,017.PM006,MP Acciaio
863,-2.9331817717399606,3.811980682528867,017.PM006,MP Acciaio
864,-1.9595986882012857,3.52106080320172,017.PM006,MP Acciaio
865,-3.815760354184448,3.845700946432554,017.PM006,MP Acciaio
866,-3.171062245500915,4.399493386879347,017.PM006,MP Acciaio
867,-2.7184736820546496,3.295766092008945,017.PM006,MP Acciaio
868,-3.809336789334904,3.8406613309593594,017.PM006,MP Acciaio
869,-3.807942438368752,1.6882746927034225,017.PM006,MP Acciaio
870,-1.9527692066429643,3.5072483266161867,017.PM006,MP Acciaio
871,-1.2126289384670554,3.76335834580208,017.PM006,MP Acciaio
872,-4.165280175651634,4.704541758790985,017.PM006,MP Acciaio
873,-1.8500526090904053,3.26362939980197,017.PM006,MP Acciaio
874,-2.707300778531636,3.2730350793176544,017.PM006,MP Acciaio
875,-3.2674279532364756,2.521131128882394,017.PM006,MP Acciaio
876,-2.948118765224172,3.85499029711352,017.PM006,MP Acciaio
877,-2.6009727138205134,3.011729135300727,017.PM006,MP Acciaio
878,-3.259454179415259,2.4952418504666483,017.PM006,MP Acciaio
879,-3.2563465298700804,2.4934852802070475,017.PM006,MP Acciaio
880,-2.067211373249843,1.70747498665466,017.PM006,MP Acciaio
881,-3.1447317099019503,2.217546422942781,017.PM006,MP Acciaio
882,-1.2183061990439632,3.772329830541197,017.PM006,MP Acciaio
883,-3.2527255835366318,2.487561683380354,017.PM006,MP Acciaio
884,-2.3432399756715916,3.8075659404959645,017.PM006,MP Acciaio
885,-3.6068225603186588,3.350340108540341,017.PM006,MP Acciaio
886,-2.266079946407273,3.632669703787894,017.PM006,MP Acciaio
887,-2.425462312978119,4.042945734871976,052.MP.LA.IN.08,MP Acciaio
888,-2.6536859547261558,3.697595896865913,052.MP.LA.IN.10,MP Acciaio
889,-2.1479215325893533,4.253281216039359,052.MP.LA.IN.15,MP Acciaio
890,-2.488260450634461,4.194622766804325,052.MP.LA.IN.20,MP Acciaio
891,-2.0468130776276556,2.22100610342685,052.MP.LA.IN.30,MP Acciaio
892,-2.9584861286248496,2.679136315240048,052.MP.LA.PL.08,MP Acciaio
893,-2.968811445603834,1.861939683779816,052.MP.LA.PL.12,MP Acciaio
894,-3.0287377576353998,1.9532003306811858,052.MP.LA.PR.06,MP Acciaio
895,-3.582386378246604,3.2841421649679545,052.MP.LA.PR.06,MP Acciaio
896,-3.3982315452493523,4.932538923622493,052.MP.LA.PR.08,MP Acciaio
897,-0.4163107707137123,1.8219004809421426,017.GUI.MED.01,Accessori
898,-2.829198001307895,2.1331100883809424,017.PM117,Accessori
899,-1.4942794962141275,1.9840323177991674,017.PM156,Accessori
900,-1.9224722397150569,1.914742314084742,017.PM157,Accessori
901,33.448191413609536,11.799427598210288,017.PM301,Accessori
902,-16.166070007319576,-7.355667564411236,017.PM302,Accessori
903,-18.97442442737217,-8.439918233993588,017.PM303,Accessori
904,-0.25206162702155716,-1.2115804367779164,017.PM304,Accessori
905,30.63983699355695,10.715176928627942,017.PM305,Accessori
906,-32.080078387617604,-13.49975469204456,017.PM306,Accessori
907,16.130005823285227,5.1132151357857945,017.PM307,Accessori
908,3.4924109330485584,0.2340871226652154,017.PM308,Accessori
909,-13.357715587266988,-6.271416894828888,017.PM309,Accessori
910,3.8434552355551426,0.369618456363013,017.PM311,Accessori
911,10.045237913171281,2.7640053516907037,017.PM312,Accessori
912,6.300765353101149,1.3183377922475659,017.PM313,Accessori
913,22.214773733399166,7.462424919880885,017.PM314,Accessori
914,10.045237913171281,2.7640053516907037,017.PM315,Accessori
915,4.116489693060248,0.47503171590573845,017.PM316,Accessori
916,6.612804733106992,1.4388100888678266,017.PM317,Accessori
917,-13.451327401268735,-6.307558583814964,017.PM318,Accessori
918,2.1242382668690927,-0.2941375625159291,017.PM319,Accessori
919,8.500642982142352,2.1676674834204097,017.PM320,Accessori
920,-3.411460349580732,-2.4313624400580642,017.PM321,Accessori
921,-18.412753543361656,-8.223068100077121,017.PM322,Accessori
922,-2.124297907056613,-1.9344142164994815,017.PM323,Accessori
923,0.6840565129959677,-0.850163546917135,017.PM324,Accessori
924,0.6840565129959677,-0.850163546917135,017.PM325,Accessori
925,-1.2607414695331458,2.1029910430862495,017.PM326,Accessori
926,-1.280086512228485,3.04383627724376,017.PM327,Accessori
927,-1.1161706793454387,-1.5451960274186425,017.PM328,Accessori
928,-1.3023021642366652,1.4995757280861293,017.PM336,Accessori
929,-0.2429841710194085,0.9447222759043105,017.PM337,Accessori
930,-1.0758455902369828,-1.5296272998554055,017.PM338,Accessori
931,0.6840565129959677,-0.850163546917135,017.PM339,Accessori
932,-2.0161818313641553,-0.20136243071483295,017.PM340,Accessori
933,-2.181153578564432,1.529467917585499,017.PM343,Accessori
934,-1.9517620164001217,0.7107731129033584,017.PM344,Accessori
935,-0.22565850578657404,1.3708061478225289,017.PM347,Accessori
936,-0.23254010955532795,1.367207529142882,017.PM348,Accessori
937,-0.23658877071992163,1.3672969794202334,017.PM349,Accessori
938,-1.7477868418998483,0.43690711561571505,017.PM351,Accessori
939,-0.2831917888506961,1.5006835807844079,017.PM352,Accessori
940,-1.5389813754749848,1.5579454918354487,017.PM353,Accessori
941,-2.3365143055775115,1.924779939614496,017.PM354,Accessori
942,-1.9487263626642193,2.667822096126459,017.PM355,Accessori
943,-1.9499092362701795,1.9122808771600028,017.PM355.15,Accessori
944,-1.55046518174619,3.11828828390801,017.PM356,Accessori
945,-1.7295723115764865,1.5083291259225182,017.PM356.15,Accessori
946,-1.8064117575170395,1.516001783005531,017.PM357,Accessori
947,-1.078095008077895,2.523482198737197,017.PM358,Accessori
948,-1.6538774156593505,1.8534601835571352,017.PM359,Accessori
949,-0.923004031891091,2.0640032452382977,017.PM360,Accessori
950,-2.5140018743888732,1.910084750882816,017.PM361,Accessori
951,-1.407249305386315,1.9870850467328982,017.PM363,Accessori
952,-0.44388085901443347,1.447971319723585,017.PM364,Accessori
953,-1.702158452561355,3.0089973909762366,017.PM365,Accessori
954,-0.9074468687554738,2.539407939139459,017.PM367,Accessori
955,-1.2274957857763078,0.9121922555267334,017.PM368,Accessori
956,-0.9056955998471522,2.921280061310926,017.PM369,Accessori
957,-0.7545991344931456,1.0030347768206012,017.PM370,Accessori
958,-1.0866380380826839,2.00200837898102,017.PM371,Accessori
959,-1.5035201763245838,2.268710592262525,017.PM373,Accessori
960,-0.9994290898090686,2.0234190547887003,017.PM375,Accessori
961,-1.6002399031830952,1.9464588819841295,017.PM376,Accessori
962,-1.0584365667804794,1.1980634089853883,017.PM377,Accessori
963,-1.5817876422771675,2.8886926087144693,017.PM378,Accessori
964,-0.7956970380126499,2.172149384944791,017.PM381,Accessori
965,-1.35305268479791,2.124065629856656,017.PM382,Accessori
966,-1.6094946434609811,2.16495657337505,017.PM384,Accessori
967,-1.9788866886502854,1.7081001632567072,017.PM385,Accessori
968,-0.7567666226968499,0.7646079124547043,017.PM386,Accessori
969,-1.3351987582188907,0.9844451470231148,017.PM386.AL,Accessori
970,-2.0364791126379553,0.471158208212233,017.PM387,Accessori
971,-1.2283294915450031,2.9756354825526032,017.PM388,Accessori
972,-0.3685716369158753,1.210100394684251,017.PM389,Accessori
973,-0.5532705962522158,1.6329189155514336,017.PM390,Accessori
974,-2.244776330576384,1.2216601972569059,017.PM391,Accessori
975,-0.6688058462681097,1.4120604994559476,017.PM392,Accessori
976,-1.9572795474084508,2.011011007767265,017.PM395,Accessori
977,-1.7470167789888027,2.9324928805719925,017.PM396,Accessori
978,-2.733714511371593,2.9101349103902856,017.PM397,Accessori
979,-1.6731364076429163,2.2450877651895413,017.PM398,Accessori
980,-1.9628546317233304,0.639194427043043,017.PM399,Accessori
981,-1.347732724037192,3.2568245832905522,017.PM402,Accessori
982,-1.42435289288667,2.2051972591018263,017.PM404,Accessori
983,-0.966616213111013,2.1983793704454335,017.PM405,Accessori
984,-1.957875879979466,2.5687715832723557,017.PM408,Accessori
985,-2.1512416749568586,1.6858556584482594,017.PM408,Accessori
986,-0.5600890858946762,1.013913110216422,017.PM408,Accessori
987,-0.5462701853127735,-1.3251686021627314,017.PM435,Accessori
988,-0.5418880131944293,2.1296354382136373,017.PM437,Accessori
989,-0.33698154168430483,1.6234534136716612,017.PM438,Accessori
990,0.603817815280192,-0.881142137476626,017.PM438B,Accessori
991,-0.9317216300842462,2.6975290814758273,017.PM441,Accessori
992,-1.9478820696534933,1.72670283988003,017.PM444,Accessori
993,0.028038683920057792,-0.1454993227082148,017.PM447,Accessori
994,-0.30133100281196,-1.230602378349539,017.PM449,Accessori
995,0.08906915367556921,-0.2002470931544108,017.PM450,Accessori
996,-2.0134543307799344,1.2324857325880385,017.PM451,Accessori
997,-8.489901259175822,-4.39204906755281,017.PM453,Accessori
998,-2.0642818243899654,2.2409968172802808,017.PM458,Accessori
999,-1.1856023673517204,2.1525712589943464,017.PM460,Accessori
1000,-0.8172510264355684,2.663269192915877,017.PM461,Accessori
1001,-16.166070007319576,-7.355667564411236,017.PM463,Accessori
1002,-11.017420237223162,-5.367874670176928,017.PM464,Accessori
1003,-2.8111167818874288,1.1312244945517014,017.PM465,Accessori
1004,-1.5956302278083245,0.9952296467777375,017.PM467,Accessori
1005,0.2154623383358921,-0.31342353555502084,017.PM468,Accessori
1006,0.6840565129959677,-0.850163546917135,017.PM474,Accessori
1007,8.173001633136215,2.041171571969134,017.PM482,Accessori
1008,-1.2741503723920558,3.6215895400853655,017.PM487,Accessori
1009,10.045237913171281,2.7640053516907037,017.PM491,Accessori
1010,-1.998859069067817,2.112006908524698,017.PM492,Accessori
1011,-2.327374521115359,1.9174550830558568,017.PM492.C,Accessori
1012,-0.2903351555828038,1.5174794042643198,017.PM494.15,Accessori
1013,-1.9044001492746907,1.1544254653338422,017.PM496,Accessori
1014,4.896588143074862,0.7762124574563937,017.PM499,Accessori
1015,35.3204276936446,12.522261377931857,017.PM501,Accessori
1016,-1.408508170613314,2.1098431326827067,017.PM502,Accessori
1017,-1.0040357966811515,1.9248398651325171,017.PM503,Accessori
1018,-2.241332249025682,0.8738746147978677,017.PM504,Accessori
1019,-0.7822389872170552,2.7112722416184862,017.PM505,Accessori
1020,-1.852019209956143,2.2433580922162046,017.PM506,Accessori
1021,-1.0296289258395346,1.099113838793735,,
1022,-2.069232134114403,-1.9131543994488462,,
1023,-32.080078387617604,-13.49975469204456,017.PM508,Accessori
1024,-0.5020039394013334,1.9639740459487547,017.PM516,Accessori
1025,-1.4843565906981437,1.9977964487935125,017.PM517,Accessori
1026,-2.1195397519768773,2.296851488967243,017.PM519,Accessori
1027,-1.0596500854653277,1.797382843398911,017.PM521,Accessori
1028,-1.2055075430612765,2.166619810679775,017.PM522,Accessori
1029,-1.1138886306245634,2.3657925040861953,017.PM523,Accessori
1030,-2.43633728706247,-2.0548865131197482,017.PM524,Accessori
1031,-0.9976874021272975,2.4855285867558283,017.PM525,Accessori
1032,-2.9564029204055435,-2.255673674153517,017.PM526,Accessori
1033,-0.9980679764952604,2.7594415373907673,017.PM528,Accessori
1034,-1.9171521008685983,2.0998642860403947,017.PM529,Accessori
1035,-2.111827991975926,2.5564666604468727,017.PM530,Accessori
1036,0.42194343379106725,-0.9513602760781513,017.PM531,Accessori
1037,-2.082505436002878,2.1351445052940807,017.PM532,Accessori
1038,-0.7823243387235836,1.984801279701396,017.PM533,Accessori
1039,-1.2883157140505588,3.948746262057096,017.PM534,Accessori
1040,-1.691103699026857,1.7035246598591516,017.PM535,Accessori
1041,35.3204276936446,12.522261377931857,017.PM537,Accessori
1042,-2.0717600027023533,1.1480066563482854,017.PM541,Accessori
1043,-0.19355424327046794,-1.1889918811616198,017.PM548,Accessori
1044,3.6796345610520733,0.3063705006373753,017.PM549,Accessori
1045,5.130617678079236,0.866566679921586,017.PM550,Accessori
1046,13.555680938237007,4.119318688668637,017.PM551,Accessori
1047,-1.9569346605360276,1.9764198991705448,017.PM552,Accessori
1048,-0.9617606571996922,2.9693445136633163,017.PM553,Accessori
1049,-0.9902188512371256,2.8545369801236657,017.PM555,Accessori
1050,43.74549095380237,15.775013386678904,017.PM556,Accessori
1051,-2.397995551958167,1.678081782576092,017.PM557,Accessori
1052,-1.6380521903997607,0.778405735897497,017.PM558,Accessori
1053,-1.2256250794646895,1.7887715551517034,017.PM567,Accessori
1054,-2.054527560110504,2.87114073106574,017.PM568,Accessori
1055,-1.196381609744643,1.673148335010881,017.PM569,Accessori
1056,16.130005823285227,5.1132151357857945,017.PM570,Accessori
1057,-9.613243027196871,-4.825749335385755,017.PM571,Accessori
1058,-0.6552425311807987,2.01173992312979,017.PM572,Accessori
1059,10.045237913171281,2.7640053516907037,017.PM574,Accessori
1060,-17.102188147337124,-7.717084454272026,017.PM576,Accessori
1061,3.8434552355551426,0.369618456363013,017.PM583,Accessori
1062,-2.3728285407754406,1.8980101375088678,017.PM584,Accessori
1063,-1.0616373133295118,2.486139406922282,017.PM585,Accessori
1064,-1.7289995121904687,1.4513322981004115,017.PM586,Accessori
1065,-1.1564071540774634,2.299961778922096,017.PM587,Accessori
1066,-1.8431546327577832,1.9506538330098369,017.PM588,Accessori
1067,-1.3515858222886614,3.328551452558976,017.PM589,Accessori
1068,-16.166070007319576,-7.355667564411236,017.PM590,Accessori
1069,-2.28309848061502,1.7369991306904338,017.PM591,Accessori
1070,-3.595340698512736,-2.502355043423571,017.PM592,Accessori
1071,-1.1827773375331214,0.7724997887766761,017.PM593,Accessori
1072,-0.6278090750759262,0.012994741944201775,017.PM594,Accessori
1073,-1.0677565513541214,1.7956634486028225,017.PM595,Accessori
1074,-1.9646405186221843,1.7676655946121653,017.PM596,Accessori
1075,-1.3086317264083196,2.9690265316497424,017.PM597,Accessori
1076,-1.7424247382050826,2.3064128856165675,017.PM598,Accessori
1077,-1.82743495403548,1.5327653404832615,017.PM600,Accessori
1078,-1.7596389993451276,3.291911020245587,017.PM601,Accessori
1079,-1.5417397156154222,2.880751435357601,017.PM602,Accessori
1080,0.6840565129959677,-0.850163546917135,017.PM603,Accessori
1081,-1.8067128297137802,2.5407256268635288,017.PM604,Accessori
1082,-2.441007888307228,1.5916984244897625,017.PM605,Accessori
1083,0.004089392562480854,0.7969619649230034,017.PM606,Accessori
1084,-0.9417308652080275,2.816769029117638,017.PM607,Accessori
1085,-1.6398046698023552,1.5099975529119722,017.PM608,Accessori
1086,-0.4956332011378531,1.3139767119534764,017.PM609,Accessori
1087,-1.0113769505850005,0.6095684802016469,017.PM610,Accessori
1088,-2.3710469549066766,1.8474836986631251,017.PM611,Accessori
1089,-0.9069195569293872,1.3330183194234249,017.PM614,Accessori
1090,-1.0886788011052346,1.9136583704706107,017.PM615,Accessori
1091,-1.6780747553589872,2.221974878256248,017.PM616,Accessori
1092,-2.3047040783894155,2.009462871845202,017.PM617,Accessori
1093,-0.5780913753550957,2.2150575427150283,017.PM618,Accessori
1094,-2.5923569770653967,-2.1151226614298806,017.PM619,Accessori
1095,0.2689101089458984,0.1456908747732605,017.PM621,Accessori
1096,-1.276110114238241,2.205104281488728,028.302ACZI,Accessori
1097,-0.735809995762012,1.164014543333895,028.611ACGR,Accessori
1098,-0.9865591961927355,1.5334059518949636,028.KACC025,Accessori
1099,-2.5255405539089164,2.7201063669324186,033.GUAR_TEC.001,Accessori
1100,-2.021159231481032,2.3151684332514693,052.ACC.GHI.1200,Accessori
1101,-1.8445447888170485,4.102708716110197,052.ACC.GHI.400,Accessori
1102,-0.6093661082358283,2.293475871947216,052.ACC.GHI.700,Accessori
1103,-2.5342889133925235,1.6666993861457233,052.ACC.GHI.800,Accessori
1104,-1.5965327993024847,1.9561702920863022,052.ACC.GHI.900,Accessori
1105,-1.6311363729835178,1.9583932030301145,052.ACC.MOB.001,Accessori
1106,-1.5697895896054452,0.7755413205630817,052.ACC.MOB.003,Accessori
1107,-1.2413410893146548,2.386979173396883,052.ACC.POR.001,Accessori
1108,-2.5538757879165,2.791075312266369,052.ACC.POR.001.DOR,Accessori
1109,-2.365294244616294,1.2492567788772422,052.ACC.POR.001.MER,Accessori
1110,-2.1039056722931213,1.6842238647311294,052.ACC.POR.001.TEC,Accessori
1111,-1.8212444449544656,2.6803556852712807,052.ACC.POR.001.YDG,Accessori
1112,-1.7843901233645643,0.30898120802525586,052.ACC.POR.002.DOR,Accessori
1113,-2.7332947146390056,2.228335081537973,052.ACC.POR.002.MER,Accessori
1114,-1.420750301441699,2.700464427683693,052.ACC.POR.002.TEC,Accessori
1115,-2.216561540248831,1.4712270451804124,052.ACC.POR.003.MER,Accessori
1116,-2.307385191894677,1.4978951763705577,052.ACC.POR.003.TEC,Accessori
1117,-2.416608161213681,1.4851630551946375,052.ACC.POR.003.YDG,Accessori
1118,-2.5719890093307596,1.6905529358436868,052.ACC.POR.004.TEC,Accessori
1119,-0.8036394101386035,2.2071288640558935,052.ACC.POR.006.YDG,Accessori
1120,-1.4319173708405137,1.0001516246048432,052.ACC.POR.010,Accessori
1121,-1.3869505379980864,2.119948158516781,052.ACC.POR.011,Accessori
1122,-1.51009199091124,1.0608451254704383,052.ACC.SPECC.03,Accessori
1123,-2.734333596992221,1.72288611112801,052.MP.035,Accessori
1124,-2.11114798162543,2.515148352331588,052.MP.036,Accessori
1125,-1.3087726556786858,2.483090766062651,052.MP.037,Accessori
1126,-0.3765006082670378,1.5233031262715113,052.MP.038,Accessori
1127,-1.9200881915003154,1.455238280577649,052.MP.041,Accessori
1128,-2.3732315899078964,0.9584369407026361,052.MP.042,Accessori
1129,-2.6906461222741545,1.8094940058685318,052.MP.043,Accessori
1130,-1.7328923954122641,0.577274253322339,052.MP.BASE.02,Accessori
1131,-0.5460685208224915,2.1340789830599265,052.MP.CAL.01,Accessori
1132,-2.6113397970342493,2.188719918930442,052.MP.CAS.503,Accessori
1133,-0.3298735095994145,1.0563001880861405,052.MP.CAS.504,Accessori
1134,-1.2040913280716998,1.4361255885626458,052.MP.CAS.506,Accessori
1135,-1.6238208720204073,2.5233398349462566,052.MP.CAT.02,Accessori
1136,-2.367299800690001,2.123063676030633,052.MP.CAVSEM.01,Accessori
1137,-0.881662066095437,1.8971688862036933,052.MP.CAVSEM.02,Accessori
1138,-1.6815022588273871,1.6044714258476236,052.MP.CAVSEM.03,Accessori
1139,-2.1180648505427375,2.021079546615211,052.MP.CAVSEN.01,Accessori
1140,-0.9699718305283308,1.647174405348655,052.MP.CAVSER.01,Accessori
1141,-1.1089664546103775,2.6769510316446903,052.MP.CEDO.02,Accessori
1142,-0.8789313645292832,2.7012682211585233,052.MP.CEDO.03,Accessori
1143,-2.6704920187858034,2.0069823541381546,052.MP.CERN.02,Accessori
1144,-1.8714133915916698,2.220053005722981,052.MP.CHDA,Accessori
1145,-1.9275707210292201,1.8972110849633557,052.MP.CHES,Accessori
1146,-8.677124887179332,-4.464332445524969,052.MP.CHSL.DX,Accessori
1147,0.6840565129959677,-0.850163546917135,052.MP.COL.06,Accessori
1148,-25.527251407494894,-10.969836463019076,052.MP.CTS.01,Accessori
1149,17.53418303331151,5.655340470576966,052.MP.CTS.02,Accessori
1150,-0.5892160792531054,2.2370365823846274,052.MP.CTS.04,Accessori
1151,-1.7932594948050669,1.7072188888325337,052.MP.CTS.05,Accessori
1152,-2.3775049228033382,2.96262491244039,052.MP.CTS.06,Accessori
1153,-1.146519512305401,1.8878577874840463,052.MP.CTS.06.2,Accessori
1154,-1.6562388370478607,-1.7537057715690947,052.MP.CTS.06.3,Accessori
1155,-2.418147538501852,1.921901899874105,052.MP.CTS.07,Accessori
1156,-3.0744831530769203,3.3741154714147212,052.MP.CTS.08,Accessori
1157,-4.516599820434762,-2.8580351572548235,052.MP.CTS.09,Accessori
1158,-3.06041604707415,-2.2958311063602674,052.MP.CTS.12,Accessori
1159,4.428529073066094,0.5955040125260005,052.MP.CTS.14,Accessori
1160,-1.6562388370478607,-1.7537057715690947,052.MP.CTS.15,Accessori
1161,3.3586797701889144,0.18245613839939026,052.MP.CTS.16,Accessori
1162,-1.7079143589246788,1.9784882937293824,052.MP.CTS.17,Accessori
1163,-1.3047794745534014,2.216445144707112,052.MP.CTS.18,Accessori
1164,-2.2999101679728686,3.407388642659711,052.MP.CTS.21,Accessori
1165,-1.7093609259918143,1.2238742968355605,052.MP.CTS.22,Accessori
1166,-1.7882668940583315,2.015664978875516,052.MP.CTS.23,Accessori
1167,-2.141902841127244,2.2887082538377967,052.MP.CTS.24,Accessori
1168,-1.1879208141761641,1.8690279638082907,052.MP.CTS.SPS.002,Accessori
1169,-1.6601386145343306,3.018576020101982,052.MP.CTS.SPS.003,Accessori
1170,-1.4702925404336475,2.554876234292175,052.MP.CTS.SPS.004,Accessori
1171,-1.608715396069034,1.156714419112727,052.MP.CTS.SPS.005,Accessori
1172,-0.7454129234674012,0.7954728367165527,052.MP.CTS.SPS.006,Accessori
1173,-2.435680534697777,3.0387211932904092,052.MP.CTS.SPS.007,Accessori
1174,-2.1404092386092866,2.322988290830574,052.MP.CTS.SPS.008,Accessori
1175,-1.9370742790531201,-1.8621308385273299,052.MP.CTS.SPS.009,Accessori
1176,-3.247963676298355,2.8331667026928256,052.MP.CTS.SPS.010,Accessori
1177,-1.4434847143166036,-1.6715655693280074,052.MP.GUA.01,Accessori
1178,-1.1776693798009248,2.2601757771402964,052.MP.GUA.02,Accessori
1179,-1.8206694953495628,1.9917513986646105,052.MP.GUA.03,Accessori
1180,-2.6342036992787867,2.1253973384765805,052.MP.INC.01,Accessori
1181,-1.9104772430613068,1.8961692691373984,052.MP.LA.AL.10,Accessori
1182,-1.3610797159696946,2.2586893351548847,052.MP.LA.AL.10,Accessori
1183,-1.6170458244173749,2.342415946663812,052.MP.LA.IN.08,Accessori
1184,-0.8416035566976519,2.533932440829864,052.MP.LA.PL.08,Accessori
1185,-0.6235767878509887,1.4838461829026275,052.MP.LA.PR.08,Accessori
1186,-1.3331026845494087,2.131620444286609,052.MP.MAA.01,Accessori
1187,-1.497950843316371,1.9176347920620898,052.MP.MAS.01,Accessori
1188,-0.7474120484994033,1.7473036334445686,052.MP.MEC.01,Accessori
1189,-1.2572096484506492,2.179593296099961,052.MP.MEC.02,Accessori
1190,-0.07661295617530682,0.995631386976354,052.MP.MOB.001,Accessori
1191,0.6840565129959677,-0.850163546917135,052.MP.MOB.002,Accessori
1192,3.3392279646820526,0.17494617705163212,052.MP.MOB.003,Accessori
1193,-12.398194493749015,-5.900964582721583,052.MP.MOB.008,Accessori
1194,0.7776683269977235,-0.8140218579310556,052.MP.MOB.011,Accessori
1195,0.05997775298427363,-1.0911081401576601,052.MP.MOB.012,Accessori
1196,-0.9835979379954476,1.950844505775784,052.MP.MOB.013,Accessori
1197,-1.5936067095852082,2.22435890516926,052.MP.MOB.014,Accessori
1198,-2.047298834090881,2.069829861038164,052.MP.POM.02,Accessori
1199,-1.8474213988117485,2.059368719123321,052.MP.POM.03,Accessori
1200,-1.9683986879186528,2.8070054023997426,052.MP.PON.01,Accessori
1201,-1.801284442811017,2.057956082127235,052.MP.PUL.01,Accessori
1202,-1.7232615023506577,2.461509665060573,052.MP.SEM.01,Accessori
1203,-1.243171592779863,1.539911282806216,052.MP.SEM.02,Accessori
1204,-2.1242732270127043,2.367451706261904,052.MP.SEM.03,Accessori
1205,-0.8784171016807857,1.5911818791752168,052.MP.SEM.04,Accessori
1206,-0.647453096006743,1.3975784504799427,052.MP.SEN.01,Accessori
1207,-2.793360262348553,2.36670207213356,052.MP.SIL.AL,Accessori
1208,-0.9645287178222003,2.0955899530478206,052.MP.SIL.AN,Accessori
1209,-2.124611024413496,2.771168009832294,052.MP.SIL.BI,Accessori
1210,-1.9937205938364588,0.2783270304625806,052.MP.SIL.NE,Accessori
1211,-1.1771862798769088,1.6736671590749308,052.MP.SIL.TR,Accessori
1212,-1.0762213407114145,2.5085783676166096,052.MP.SPE.01,Accessori
1213,-2.278179941837585,1.7081363287654006,052.MP.SPS.002.45,Accessori
1214,-2.7573159892406607,2.3989317385564366,052.MP.SPS.003.45,Accessori
1215,-1.6768536169744095,2.224724063234501,052.MP.SPS.009.45,Accessori
1216,-0.44336841336213734,1.8864285966849152,052.MP.SPS.010.45,Accessori
1217,-0.8029476480978122,2.6990525622547787,052.MP.SPS.012,Accessori
1218,-1.5700673513468035,4.631951767982953,052.MP.SPS.014.45,Accessori
1219,0.5065240385350832,1.1778034625611293,052.MP.SQM.101,Accessori
1220,-0.39607980240887625,-1.2671830352180395,052.MP.SQM.356,Accessori
1221,-0.14317078621117701,1.1695563174118315,052.MP.SQM.432,Accessori
1222,-2.4388745480415945,2.994486644975091,052.MP.SQV.01,Accessori
1223,-0.8237790518410965,0.9776242113754143,052.MP.SQV.319,Accessori
1224,-2.5847721100243763,2.6151905128535526,052.MP.TAP.62,Accessori
1225,-0.5851928772977523,1.69569489261547,052.MP.TAS.01,Accessori
1226,-4.397727675670623,-2.8121409490185303,052.MP.TAS.02,Accessori
1227,4.931692573325522,0.7897655908261741,052.MP.TAS.04,Accessori
1228,4.931692573325522,0.7897655908261741,052.MP.TAS.6.38,Accessori
1229,-2.1811538291585313,1.2414761540206853,052.MP.TAS.6.50,Accessori
1230,-2.461619006198772,1.588341718855396,052.MP.TAS.6.60,Accessori
1231,-1.992210294170344,1.851892958141498,052.MP.TUAZ.100.50,Accessori
1232,-2.2958153538267805,2.2744465583577447,052.MP.TUAZ.120.50,Accessori
1233,11.730250565202823,3.4145557534401085,052.MP.TUR.25,Accessori
1234,22.214773733399166,7.462424919880885,052.MP.TUR.32,Accessori
1235,6.033303027381861,1.2150758237159156,052.MP.VIT.01,Accessori
1236,-0.7201206970303198,-1.392288881708307,052.MP.VIT.02,Accessori
1237,1.3081352730076583,-0.6092189536766113,052.MP.VIT.04,Accessori
1238,1.60046690269734,-0.49635543368499946,052.MP.VIT.05,Accessori
1239,21.746714663390406,7.281716474950495,052.MP.VIT.06,Accessori
1240,4.662558608070472,0.6858582349911951,052.MP.VIT.07,Accessori
1241,-32.080078387617604,-13.49975469204456,052.MP.VIT.08,Accessori
1242,-0.7413925804389763,2.612770604460403,052.MP.VIT.09,Accessori
1243,0.6840565129959677,-0.850163546917135,052.MP.VIT.10,Accessori
1244,0.6840565129959677,-0.850163546917135,052.MP.VIT.11,Accessori
1245,0.6840565129959677,-0.850163546917135,052.MP.VIT.12,Accessori
1246,-11.017420237223162,-5.367874670176928,052.MP.VIT.13,Accessori
1247,0.6840565129959677,-0.850163546917135,052.MP.VIT.14,Accessori
1248,-1.690167620137682,1.2073591331551035,052.MP.VIT.16,Accessori
1249,-1.6299799403983386,1.6281280321631484,052.MP.VIT.17,Accessori
1250,0.6840565129959677,-0.850163546917135,052.MP.VIT.18,Accessori
1251,0.6840565129959677,-0.850163546917135,052.MP.VIT.19,Accessori
1252,-1.504883028140294,0.9032923886183604,052.MP.VIT.21,Accessori
1253,-1.2150706613063036,1.7226744782145986,052.MP.VIT.22,Accessori
1254,-1.329539331834717,1.3033698501417124,052.MP.VIT.23,Accessori
1255,-0.7986139458195143,1.6371729997001931,052.MP.VIT.24,Accessori
1256,-0.9862543742571294,1.7139067738667255,090.A11B0,Accessori
1257,-1.6562388370478607,-1.7537057715690947,090.ALL06,Accessori
1258,-0.9723580076690781,2.336815357561044,090.ALL08,Accessori
1259,-2.4317359369294755,2.3485128211206336,090.GRM6X5,Accessori
1260,-1.9429237435358102,1.4363843621194594,090.PBT10,Accessori
1261,-2.0845824472915244,1.4518584827796004,090.PBT12,Accessori
1262,-2.3099694796375227,1.4198135561207963,090.PBT90.10,Accessori
1263,-1.761117563808383,2.074721614305284,090.PBT90.12,Accessori
1264,-1.9162716537193973,-1.8540993520859792,090.PBTT.10,Accessori
1265,-0.7173745165401058,2.559183312289717,090.PBTT.12,Accessori
1266,-0.8781952623724809,1.04939272954733,090.PM001PL,Accessori
1267,-1.7210727572727658,2.141656695642078,090.PM001VE,Accessori
1268,1.308135273007651,-0.6092189536766142,090.PM002,Accessori
1269,0.6840565129959677,-0.850163546917135,090.PM003,Accessori
1270,0.6840565129959677,-0.850163546917135,090.PM004,Accessori
1271,-2.751297520069658,2.180291723397401,090.PM005,Accessori
1272,-2.31574655493456,2.3821945420663795,090.PM006,Accessori
1273,-1.2992312264345143,3.1940916947882463,090.PVT001,Accessori
1274,0.8469250715068338,0.4619681983139446,090.SPS.SYL,Accessori
1275,-1.3532293626233223,-0.43860532561954174,090.SQ002,Accessori
1276,-2.1555018450571994,-1.9464614461615084,090.TP004,Accessori
1277,-1.1342729934275966,3.5620641270920466,090.TP006,Accessori
1278,-1.8931771292849997,1.479477828013574,,
1279,-1.3249401337577837,3.174236408973082,090.VP015,Accessori
1280,-2.4134941063456545,1.86952180634952,090.VP100,Accessori
1281,-1.7929896270669374,2.1487493427820468,090.VP140,Accessori
1282,-1.0158548353869288,2.2745015143263787,090.VP150,Accessori
1283,-1.9546697513969125,1.5218781224650484,091.NWSQ001,Accessori
1284,-1.8549842182527871,1.6911542777156554,091.NWSQ002,Accessori
1285,-1.165619852469949,2.6451459431700477,091.NWSQ003,Accessori
1286,-2.3728949775859194,1.454219710654174,091.NWSQ004,Accessori
1287,-1.5406786686180225,2.5786837168497962,091.NWSQ005,Accessori
1288,-2.053716290812337,1.7592706120149946,091.NWSQ006,Accessori
1289,-1.4542627193501063,2.2093313048128924,091.NWSQ008,Accessori
1290,-2.56030021959343,1.6514395419560508,091.NWSQ009,Accessori
1291,-0.6060484094568946,0.5188859203156506,091.NWSQ010,Accessori
1292,-1.3972708287227564,3.14620924428488,091.NWSQ011,Accessori
1293,-0.9097372964397508,1.9608783701037753,091.NWSQ012,Accessori
1294,-1.3545323705065784,1.7906908510503516,091.NWSQ014,Accessori
1295,-2.0112347375921575,1.403282309755457,091.NWSQ015,Accessori
1296,-1.3806330206812252,2.1554907946071196,091.NWSQ016,Accessori
1297,-2.488639030267199,1.7888425052745227,091.NWSQ017,Accessori
1298,-2.1083479437667134,2.0684624762963506,091.NWSQ018,Accessori
1299,-2.2939920713795443,2.3659096582948447,091.NWSQ019,Accessori
1300,2.1818455370240204,-0.27189652313987983,091.NWSQ020,Accessori
1301,-1.9162716537193973,-1.8540993520859792,091.PAN.01.TR,Accessori
1302,-1.9162716537193973,-1.8540993520859792,091.PAN.02.TR,Accessori
1303,-1.9162716537193973,-1.8540993520859792,091.PST002,Accessori
1304,-2.43633728706247,-2.0548865131197482,092.GU001.10,Accessori
1305,-0.35607475369017827,-1.2517378689846725,092.GU001.10.B,Accessori
1306,-2.43633728706247,-2.0548865131197482,092.GU001.10.N,Accessori
1307,-0.9289470513419253,-1.472912649446483,092.GU001.12,Accessori
1308,-1.2557055045415013,1.8807710374076207,092.GU001.12.B,Accessori
1309,-0.5178860451501522,1.7043891296171696,092.GU001.12.G,Accessori
1310,-2.3634083848354543,1.3746312107020835,092.GU001.12.N,Accessori
1311,-1.0609891420488313,1.377490799066903,092.GU002.AI,Accessori
1312,-3.201995620266829,0.6743996902736714,092.GU002.TP,Accessori
1313,-1.3828368221014222,2.3372662383796308,092.GU002.TP.B,Accessori
1314,-0.6545878571635838,2.4052906299896004,092.GU002.TP.G,Accessori
1315,-1.9620105744987502,1.8954160069352992,092.GU002.TP.N,Accessori
1316,-0.9384890034298421,2.20641374048191,092.GU003,Accessori
1317,-0.9015374406166564,2.1247490625278203,092.NW2531LED,Accessori
1318,-2.0486033973578244,1.2757511081517705,092.NW2533PLM,Accessori
1319,-2.4708388148045413,3.0116839225452434,093.PM001.LLV.10,Accessori
1320,-2.2030498948418162,5.816960628132622,093.PM001.LLV.12,Accessori
1321,-3.532603953265262,1.6403148042911009,0MAG.0002,Accessori
1322,-1.7306905987418746,3.5037270526236446,017.PM201,MP Alluminio
1323,-2.0450586920624936,3.506795340432697,017.PM205,MP Alluminio
1324,-3.89512196121557,4.104313097097092,017.PM206AN,MP Alluminio
1325,-2.2226376458582378,3.325875716633734,017.PM206AN,MP Alluminio
1326,-3.227971590935122,4.275518721118627,017.PM206AN,MP Alluminio
1327,-1.5121760679074385,4.11144684936143,017.PM206AN,MP Alluminio
1328,-2.0105876165498686,1.746564376849745,017.PM117,MP Alluminio
1329,-1.4180177180221192,2.1193755852464844,052.MP.LA.AL.10,MP Alluminio
1330,-1.5085170559165988,2.448567894627846,052.MP.LA.AL.10,MP Alluminio
1331,-0.43863320297321823,1.4909909853572667,017.PM051.18,Truciolare
1332,-2.399162128307616,1.9393519480424883,017.PM051.18,Truciolare
1333,-1.5068621582386525,2.138107330104813,017.PM051.18,Truciolare
1334,-1.513598806188142,2.936855100630066,017.PM051.FF,Truciolare
1335,-1.4169461390934477,1.1364421636079778,017.PM051.FF,Truciolare
1336,-0.5715354785757348,1.8136252904129075,017.PM051.FF,Truciolare
1337,-1.815061111516784,1.7119693097416977,017.PM051.FF,Truciolare
1338,-0.6822086281924253,0.9227558671973888,017.PM051.FF,Truciolare
1339,-0.9485018027112111,2.726147611484278,017.PM051.FF,Truciolare
1340,-1.8723941390757821,2.3204401329779034,017.PM051.FF,Truciolare
1341,-1.4767132608555236,1.3626873748869743,017.PM051.FF,Truciolare
1342,-1.6914810946520453,1.8904990165606608,017.PM051.FF,Truciolare
1343,-1.3902991111167433,1.757048136197254,017.PM051.FF,Truciolare
1344,-1.5053827323789135,2.062131326382134,017.PM051.FF,Truciolare
1345,-2.4408406147270187,1.8281203955248533,017.PM051.FF,Truciolare
1346,-1.5865998070004335,2.769257784844255,017.PM051.FF,Truciolare
1347,-0.8472196108762313,2.847056589324177,017.PM051.FF,Truciolare
1348,-1.1798248497333237,3.101112804785072,017.PM051.FF,Truciolare
1349,-1.0731900021587588,2.854591868337074,017.PM051.FF,Truciolare
1350,-1.2242623562355834,2.538455138602716,017.PM051,Truciolare
1351,-1.983567494781814,1.7298197955289216,017.PM051,Truciolare
1352,-0.8955152248278967,1.9781375283344167,017.PM051,Truciolare
1353,-1.0182053467624952,2.776983007707151,017.PM051,Truciolare
1354,-0.5542070303151008,1.0977006470253414,017.PM051,Truciolare
1355,-1.3525751502034868,3.475545249779436,017.PM051,Truciolare
1356,-1.0456121993204042,2.9411461045597473,017.PM051,Truciolare
1357,-1.3294925708779086,1.564149114362475,017.PM051,Truciolare
1358,-1.3799217370919232,3.1276978286746275,017.PM051,Truciolare
1359,-1.7982584420410164,1.3050288947913777,017.PM051,Truciolare
1360,-2.4479555749882085,1.9592262272092413,017.PM051,Truciolare
1361,-0.4462985523942267,1.9026514792373554,017.PM051,Truciolare
1362,-1.0860311114955568,1.565387853536079,017.PM051,Truciolare
1363,-0.5654407819032239,1.076113689600771,017.PM051,Truciolare
1364,-1.4473647989632308,2.0422344608115988,017.PM051,Truciolare
1365,-1.485946565873546,0.6019451750589926,017.PM051,Truciolare
1366,-0.771904133810112,2.731709701914454,017.PM051,Truciolare
1367,-2.3650743369918006,1.91126340685385,017.PM051,Truciolare
1368,-0.5777434271626795,2.1747078064763503,017.PM051,Truciolare
1369,-1.3488202211003073,2.6525637419478203,017.PM051,Truciolare
1370,-0.9737528524559761,2.233367499815052,017.PM051,Truciolare
1371,-1.8046164396579931,2.529987265831746,017.PM051,Truciolare
1372,-1.732187620789796,2.3594401523395345,017.PM051,Truciolare
1373,-1.5467659115116463,0.2757783666026932,017.PM051,Truciolare
1374,-0.9892428686848529,2.003670921447043,017.PM051,Truciolare
1375,-1.133632265892013,2.557597707224004,017.PM051,Truciolare
1376,-2.037114903560608,2.168971448384783,017.PM051,Truciolare
1377,-2.368659367929553,2.0613011775155545,017.PM052.18,Truciolare
1378,-0.5022726616618887,1.637078746173539,017.PM052.18,Truciolare
1379,-1.2443270268170548,2.46456870460524,017.PM052.18,Truciolare
1380,-0.3674164613952023,1.242998673356866,017.PM052.18,Truciolare
1381,-0.9097501033620912,2.0358914390590432,017.PM052.18,Truciolare
1382,-1.022324156676928,2.221150536752553,017.PM052.FF,Truciolare
1383,-2.1121517031730597,1.4430787322457357,017.PM052,Truciolare
1384,-2.209371591594138,1.6347391628632566,017.PM052,Truciolare
1385,-1.6986764206423024,1.6927971950510032,017.PM052,Truciolare
1386,-1.939102632222499,0.7075659525142745,017.PM052,Truciolare
1387,-1.8866498128008804,1.6199528270312453,017.PM052,Truciolare
1388,-2.2324269449520098,2.4649086966638767,017.PM052,Truciolare
1389,-1.9368470597821648,2.2726510822497112,017.PM052,Truciolare
1390,-2.0574709557329607,2.066172092542715,017.PM052,Truciolare
1391,-1.6435407416190613,2.87899020928579,017.PM052,Truciolare
1392,-1.7564141192008464,2.8366087998825296,017.PM052,Truciolare
1393,-2.0736742624569877,1.3122960130219192,017.PM052,Truciolare
1394,-1.4790845204852971,2.2790099418438237,017.PM052,Truciolare
1395,-2.23857959047361,1.4488647989874233,017.PM052,Truciolare
1396,-0.9336908176540406,1.716669470330664,017.PM052,Truciolare
1397,-1.4734444158573108,2.1807436228574746,017.PM052,Truciolare
1398,-1.9042381526644436,2.028533626981387,017.PM055.H,Truciolare
1399,-2.354194141258927,1.9666814113985007,017.PM055.H,Truciolare
1400,-2.3265728506446495,2.091189182343904,017.PM055.H,Truciolare
1401,-2.3067394316237,1.4288990197811056,017.PM055.H,Truciolare
1402,-1.9000707738753235,1.4794341166774847,017.PM055.H,Truciolare
1403,-0.5204592033481489,1.6029701034584385,017.PM055.H,Truciolare
1404,-1.3054438537081192,2.435909050524791,017.PM055.H,Truciolare
1405,-1.0432602755490026,1.7472801642767388,017.PM055.H,Truciolare
1406,-2.7382246422286443,2.1417158991213188,017.PM055.H,Truciolare
1407,-2.0430307553556286,2.299282522247513,017.PM055.H,Truciolare
1408,-2.0897928872598603,1.9641184881409426,017.PM055.H,Truciolare
1409,-2.0824734300713468,2.4905286552324197,017.PM055.H,Truciolare
1410,-1.5859004424331615,2.4508619288149585,017.PM055.H,Truciolare
1411,-1.640852934924497,0.6963659758165515,017.PM055.H,Truciolare
1412,-2.152731672680385,2.5301928637837223,017.PM055.H,Truciolare
1413,-1.789612798387466,1.5978223519375307,017.PM055.H,Truciolare
1414,-1.9279267648544662,1.71656905257118,017.PM055.H,Truciolare
1415,-2.0977142582972967,0.8042697980795088,027.101TEL.H,Truciolare
1416,-2.0534652943413936,1.5886314133352408,027.101TEL,Truciolare
1417,-2.3184969044819237,2.061927892915613,027.103TEL.01,Truciolare
1418,-0.7035622119170214,2.478185541070929,027.103TEL.H.01,Truciolare
1419,-1.8122585270507798,-1.8139419198792242,027.103TEL.H,Truciolare
1420,-1.8122585270507798,-1.8139419198792242,027.103TEL,Truciolare
1421,2.5562927930310306,-0.12732976719556724,027.104TEL,Truciolare
1422,-1.8122585270507827,-1.8139419198792255,017.PM056,Truciolare
1423,-0.6925878105592101,-1.3816589731829878,017.PM056,Truciolare
1424,1.8073982810170106,-0.4164632790841924,017.PM056,Truciolare
1425,-1.3219109298987235,-1.6246283109045219,017.PM056,Truciolare
1426,0.7138420901783499,-0.8386639186033804,017.PM056,Truciolare
1427,-1.39742970421947,-1.6537846314311078,017.PM056,Truciolare
1428,1.1184153299640998,-0.6824661100217323,017.PM056,Truciolare
1429,-1.2751050228978558,-1.606557466411486,017.PM056,Truciolare
1430,-0.7561252408771577,-1.406189531318341,017.PM056,Truciolare
1431,-0.7201206970303272,-1.39228888170831,017.PM056,Truciolare
1432,0.7197181564252055,-0.8363952844462486,017.PM056,Truciolare
1433,0.6902973005960735,-0.847754100984734,017.PM056,Truciolare
1434,-3.437872295260967,-0.18504136092647822,017.PM056,Truciolare
1435,-3.4394587542953983,0.9384077846335734,017.PM056,Truciolare
1436,-2.915736749889653,1.7443659252452743,017.PM056,Truciolare
1437,-3.5284751170829107,-2.4765395512906574,017.PM056,Truciolare
1438,-1.2470214786973393,-1.5957149597156661,017.PM056,Truciolare
1439,1.8073982810170106,-0.4164632790841924,017.PM056,Truciolare
1440,2.2258981553777963,-0.2548886694993687,017.PM056,Truciolare
1441,-0.07596818139922734,1.0025864937459792,017.PM056,Truciolare
1442,0.2672503199094026,0.16416336241827464,017.PM056,Truciolare
1443,-3.8688391514048313,1.9853145998026445,017.PM056,Truciolare
1444,0.6840565129959677,-0.850163546917135,017.PM056,Truciolare
1445,-0.7561252408771577,-1.406189531318341,017.PM056,Truciolare
1446,0.09898267548501058,-1.076049103080125,017.PM056,Truciolare
1447,0.7182509818104554,1.1224929805833177,017.PM056,Truciolare
1448,-2.9739101346089516,-1.065008033331639,017.PM056,Truciolare
1449,-0.133193270359439,1.1388568228362388,017.PM056,Truciolare
1450,0.2672503199094026,0.16416336241827464,017.PM056,Truciolare
1451,-0.15788498040538795,1.188963472759422,017.PM056,Truciolare
1452,0.2675375763122204,0.1625696800201155,017.PM056,Truciolare
1453,0.6840565129959677,-0.850163546917135,017.PM056,Truciolare
1454,-2.0935041620260746,-1.0318952234044811,017.PM056,Truciolare
1455,-0.16220513620618787,1.2051096542078643,017.PM056,Truciolare
1456,-0.15233524498455214,1.182879270034402,017.PM056,Truciolare
1457,-1.8389458798999028,1.02154265970715,017.PM056,Truciolare
1458,-2.0824055452557815,0.9905691618419862,017.PM056,Truciolare
1459,0.21920052245267774,0.288497248181488,017.PM056,Truciolare
1460,-2.4813032930662344,2.5885849233571774,017.PM056,Truciolare
1461,-2.049033605353966,1.546644823095956,017.PM056,Truciolare
1462,-1.1408570854227673,3.5879769632057643,017.PM056,Truciolare
1463,0.3771530368577742,-0.10785684667148339,017.PM056,Truciolare
1464,-1.4992292223855688,1.278634990226583,017.PM056,Truciolare
1465,-0.366229987219214,1.7063604967362047,017.PM056,Truciolare
1466,-0.9716926951096492,3.1785047516017735,017.PM056,Truciolare
1467,0.21425982481146402,0.29143948666918723,017.PM056,Truciolare
1468,-2.772216515066195,2.5795202982017527,017.PM056,Truciolare
1469,-1.5362364602168914,2.386952150370922,017.PM056,Truciolare
1470,0.28620630348850906,-1.0037657251079712,017.PM056,Truciolare
1471,0.4567135361345814,-0.9379362201690342,017.PM056,Truciolare
1472,-1.0372904325766565,1.5941963690312517,017.PM056,Truciolare
1473,0.5904446989942185,-0.8863052359032119,017.PM057,Truciolare
1474,0.28620630348850906,-1.0037657251079712,017.PM057,Truciolare
1475,-0.26438599033391097,0.07319580390089696,017.PM057,Truciolare
1476,2.129265581386978,-2.275621961125399,017.PM057,Truciolare
1477,1.8745634301417367,-2.4304512630137904,017.PM057,Truciolare
1478,2.0947270241092655,-1.6687612949764639,052.MP.ABS.1,Truciolare
1479,1.7880820214860593,-2.320504644503347,017.PM411,Coibenti
1480,1.4767224475486687,-2.773085280883577,017.PM412,Coibenti
1481,1.244204809639385,-2.213863977134383,017.PM539,Coibenti
1482,1.7876473163868787,-2.593180220917534,017.PM564,Coibenti
1483,1.76363950342293,-1.9525535843953556,017.PM565,Coibenti
1484,1.8500248622518618,-2.408489574296643,017.PM566,Coibenti
1485,1.4033502562879492,-2.132640985878963,052.MP.ALV20.60,Coibenti
1486,1.2220150208214595,-2.1567814154036764,052.MP.CTGE,Coibenti
1487,2.293530321285339,-2.090711000096169,052.MP.LAN100.37,Coibenti
1488,1.8524218637051686,-2.148559084273992,052.MP.LAN100.43,Coibenti
1489,1.6326601700605066,-1.6033368775228423,052.MP.LAN100.60,Coibenti
1490,2.1929940312997513,-2.3996500440616644,052.MP.PES35.37,Coibenti
1491,4.671007829094102,-5.368313582142741,052.MP.PES35.43,Coibenti
1492,4.088543909685519,-6.578375842699555,052.MP.PES35.54,Coibenti
1493,3.7956345333193133,-5.617563469461639,052.MP.PES35.60,Coibenti
1494,3.950537964416013,-2.9866055068156,017.PM162,Laminati e altri
1495,4.129288432402893,-3.8416264918041003,017.PM163,Laminati e altri
1496,3.8160273516274357,-5.724142555628947,052.MP.COL.01,Laminati e altri
1497,5.643829894758367,-5.317002521500349,052.MP.COL.04,Laminati e altri
1498,4.585032582351351,-5.1548841203397,052.MP.COL.05,Laminati e altri
1499,2.980058768474868,-5.2840445005636365,052.MP.COL.06,Laminati e altri
1500,3.7082201047051457,-3.5346799575702206,052.MP.CTS.HPL,Laminati e altri
1501,2.96205532438347,-5.069532332777363,052.MP.CTS.HPL,Laminati e altri
1502,5.7797376969207805,-6.794353933204802,052.MP.CTS.HPL,Laminati e altri
1503,3.322766888909835,-4.649651428936491,052.MP.CTS.PVC,Laminati e altri
1504,3.7229709599958114,-6.04389214410797,052.MP.HPL.1,Laminati e altri
1505,5.131191017813009,-5.2183979406956595,052.MP.HPL.1,Laminati e altri
1506,4.8169318430655785,-4.366257883610438,052.MP.HPL.1,Laminati e altri
1507,4.686026955622789,-5.660174581744272,052.MP.HPL.1,Laminati e altri
1508,4.452216830455647,-6.167482751299141,052.MP.HPL.1,Laminati e altri
1509,3.8212534208437496,-6.058275642286825,052.MP.HPL.4,Laminati e altri
